<?xml version="1.0" encoding="UTF-8"?>
<地図 xmlns="http://www.moj.go.jp/MINJI/tizuxml" xmlns:zmn="http://www.moj.go.jp/MINJI/tizuzumen" xmlns:xsi="http://www.w3.org/2001/XMLSchema-instance" xsi:schemaLocation="http://www.moj.go.jp/MINJI/tizuxml tizuxml.xsd">
	<version>ver1.0</version>
	<地図名>中央台飯野ニ丁目</地図名>
	<市区町村コード>07204</市区町村コード>
	<市区町村名>いわき市</市区町村名>
	<座標系>任意座標系</座標系>
	<空間属性>
		<zmn:GM_Point id="P000000001">
			<zmn:GM_Point.position>
				<zmn:DirectPosition>
					<zmn:X>82.256</zmn:X>
					<zmn:Y>112.774</zmn:Y>
				</zmn:DirectPosition>
			</zmn:GM_Point.position>
		</zmn:GM_Point>
		<zmn:GM_Point id="P000000002">
			<zmn:GM_Point.position>
				<zmn:DirectPosition>
					<zmn:X>165.553</zmn:X>
					<zmn:Y>295.793</zmn:Y>
				</zmn:DirectPosition>
			</zmn:GM_Point.position>
		</zmn:GM_Point>
		<zmn:GM_Point id="P000000003">
			<zmn:GM_Point.position>
				<zmn:DirectPosition>
					<zmn:X>141.758</zmn:X>
					<zmn:Y>326.314</zmn:Y>
				</zmn:DirectPosition>
			</zmn:GM_Point.position>
		</zmn:GM_Point>
		<zmn:GM_Point id="P000000004">
			<zmn:GM_Point.position>
				<zmn:DirectPosition>
					<zmn:X>134.659</zmn:X>
					<zmn:Y>315.397</zmn:Y>
				</zmn:DirectPosition>
			</zmn:GM_Point.position>
		</zmn:GM_Point>
		<zmn:GM_Point id="P000000005">
			<zmn:GM_Point.position>
				<zmn:DirectPosition>
					<zmn:X>129.655</zmn:X>
					<zmn:Y>307.144</zmn:Y>
				</zmn:DirectPosition>
			</zmn:GM_Point.position>
		</zmn:GM_Point>
		<zmn:GM_Point id="P000000006">
			<zmn:GM_Point.position>
				<zmn:DirectPosition>
					<zmn:X>124.048</zmn:X>
					<zmn:Y>297.276</zmn:Y>
				</zmn:DirectPosition>
			</zmn:GM_Point.position>
		</zmn:GM_Point>
		<zmn:GM_Point id="P000000007">
			<zmn:GM_Point.position>
				<zmn:DirectPosition>
					<zmn:X>118.990</zmn:X>
					<zmn:Y>287.613</zmn:Y>
				</zmn:DirectPosition>
			</zmn:GM_Point.position>
		</zmn:GM_Point>
		<zmn:GM_Point id="P000000008">
			<zmn:GM_Point.position>
				<zmn:DirectPosition>
					<zmn:X>114.657</zmn:X>
					<zmn:Y>278.847</zmn:Y>
				</zmn:DirectPosition>
			</zmn:GM_Point.position>
		</zmn:GM_Point>
		<zmn:GM_Point id="P000000009">
			<zmn:GM_Point.position>
				<zmn:DirectPosition>
					<zmn:X>110.087</zmn:X>
					<zmn:Y>269.018</zmn:Y>
				</zmn:DirectPosition>
			</zmn:GM_Point.position>
		</zmn:GM_Point>
		<zmn:GM_Point id="P000000010">
			<zmn:GM_Point.position>
				<zmn:DirectPosition>
					<zmn:X>105.846</zmn:X>
					<zmn:Y>258.883</zmn:Y>
				</zmn:DirectPosition>
			</zmn:GM_Point.position>
		</zmn:GM_Point>
		<zmn:GM_Point id="P000000011">
			<zmn:GM_Point.position>
				<zmn:DirectPosition>
					<zmn:X>93.963</zmn:X>
					<zmn:Y>108.803</zmn:Y>
				</zmn:DirectPosition>
			</zmn:GM_Point.position>
		</zmn:GM_Point>
		<zmn:GM_Point id="P000000012">
			<zmn:GM_Point.position>
				<zmn:DirectPosition>
					<zmn:X>102.135</zmn:X>
					<zmn:Y>249.021</zmn:Y>
				</zmn:DirectPosition>
			</zmn:GM_Point.position>
		</zmn:GM_Point>
		<zmn:GM_Point id="P000000013">
			<zmn:GM_Point.position>
				<zmn:DirectPosition>
					<zmn:X>65.273</zmn:X>
					<zmn:Y>131.965</zmn:Y>
				</zmn:DirectPosition>
			</zmn:GM_Point.position>
		</zmn:GM_Point>
		<zmn:GM_Point id="P000000014">
			<zmn:GM_Point.position>
				<zmn:DirectPosition>
					<zmn:X>74.212</zmn:X>
					<zmn:Y>125.461</zmn:Y>
				</zmn:DirectPosition>
			</zmn:GM_Point.position>
		</zmn:GM_Point>
		<zmn:GM_Point id="P000000015">
			<zmn:GM_Point.position>
				<zmn:DirectPosition>
					<zmn:X>72.205</zmn:X>
					<zmn:Y>121.833</zmn:Y>
				</zmn:DirectPosition>
			</zmn:GM_Point.position>
		</zmn:GM_Point>
		<zmn:GM_Point id="P000000016">
			<zmn:GM_Point.position>
				<zmn:DirectPosition>
					<zmn:X>217.827</zmn:X>
					<zmn:Y>408.822</zmn:Y>
				</zmn:DirectPosition>
			</zmn:GM_Point.position>
		</zmn:GM_Point>
		<zmn:GM_Point id="P000000017">
			<zmn:GM_Point.position>
				<zmn:DirectPosition>
					<zmn:X>202.136</zmn:X>
					<zmn:Y>394.772</zmn:Y>
				</zmn:DirectPosition>
			</zmn:GM_Point.position>
		</zmn:GM_Point>
		<zmn:GM_Point id="P000000018">
			<zmn:GM_Point.position>
				<zmn:DirectPosition>
					<zmn:X>186.707</zmn:X>
					<zmn:Y>380.199</zmn:Y>
				</zmn:DirectPosition>
			</zmn:GM_Point.position>
		</zmn:GM_Point>
		<zmn:GM_Point id="P000000019">
			<zmn:GM_Point.position>
				<zmn:DirectPosition>
					<zmn:X>172.341</zmn:X>
					<zmn:Y>365.794</zmn:Y>
				</zmn:DirectPosition>
			</zmn:GM_Point.position>
		</zmn:GM_Point>
		<zmn:GM_Point id="P000000020">
			<zmn:GM_Point.position>
				<zmn:DirectPosition>
					<zmn:X>165.711</zmn:X>
					<zmn:Y>358.105</zmn:Y>
				</zmn:DirectPosition>
			</zmn:GM_Point.position>
		</zmn:GM_Point>
		<zmn:GM_Point id="P000000021">
			<zmn:GM_Point.position>
				<zmn:DirectPosition>
					<zmn:X>159.067</zmn:X>
					<zmn:Y>349.954</zmn:Y>
				</zmn:DirectPosition>
			</zmn:GM_Point.position>
		</zmn:GM_Point>
		<zmn:GM_Point id="P000000022">
			<zmn:GM_Point.position>
				<zmn:DirectPosition>
					<zmn:X>96.718</zmn:X>
					<zmn:Y>114.020</zmn:Y>
				</zmn:DirectPosition>
			</zmn:GM_Point.position>
		</zmn:GM_Point>
		<zmn:GM_Point id="P000000023">
			<zmn:GM_Point.position>
				<zmn:DirectPosition>
					<zmn:X>152.462</zmn:X>
					<zmn:Y>341.487</zmn:Y>
				</zmn:DirectPosition>
			</zmn:GM_Point.position>
		</zmn:GM_Point>
		<zmn:GM_Point id="P000000024">
			<zmn:GM_Point.position>
				<zmn:DirectPosition>
					<zmn:X>146.498</zmn:X>
					<zmn:Y>333.222</zmn:Y>
				</zmn:DirectPosition>
			</zmn:GM_Point.position>
		</zmn:GM_Point>
		<zmn:GM_Point id="P000000025">
			<zmn:GM_Point.position>
				<zmn:DirectPosition>
					<zmn:X>172.864</zmn:X>
					<zmn:Y>306.901</zmn:Y>
				</zmn:DirectPosition>
			</zmn:GM_Point.position>
		</zmn:GM_Point>
		<zmn:GM_Point id="P000000026">
			<zmn:GM_Point.position>
				<zmn:DirectPosition>
					<zmn:X>175.858</zmn:X>
					<zmn:Y>311.389</zmn:Y>
				</zmn:DirectPosition>
			</zmn:GM_Point.position>
		</zmn:GM_Point>
		<zmn:GM_Point id="P000000027">
			<zmn:GM_Point.position>
				<zmn:DirectPosition>
					<zmn:X>187.354</zmn:X>
					<zmn:Y>326.785</zmn:Y>
				</zmn:DirectPosition>
			</zmn:GM_Point.position>
		</zmn:GM_Point>
		<zmn:GM_Point id="P000000028">
			<zmn:GM_Point.position>
				<zmn:DirectPosition>
					<zmn:X>199.598</zmn:X>
					<zmn:Y>341.396</zmn:Y>
				</zmn:DirectPosition>
			</zmn:GM_Point.position>
		</zmn:GM_Point>
		<zmn:GM_Point id="P000000029">
			<zmn:GM_Point.position>
				<zmn:DirectPosition>
					<zmn:X>212.725</zmn:X>
					<zmn:Y>355.526</zmn:Y>
				</zmn:DirectPosition>
			</zmn:GM_Point.position>
		</zmn:GM_Point>
		<zmn:GM_Point id="P000000030">
			<zmn:GM_Point.position>
				<zmn:DirectPosition>
					<zmn:X>226.432</zmn:X>
					<zmn:Y>368.471</zmn:Y>
				</zmn:DirectPosition>
			</zmn:GM_Point.position>
		</zmn:GM_Point>
		<zmn:GM_Point id="P000000031">
			<zmn:GM_Point.position>
				<zmn:DirectPosition>
					<zmn:X>241.395</zmn:X>
					<zmn:Y>380.927</zmn:Y>
				</zmn:DirectPosition>
			</zmn:GM_Point.position>
		</zmn:GM_Point>
		<zmn:GM_Point id="P000000032">
			<zmn:GM_Point.position>
				<zmn:DirectPosition>
					<zmn:X>331.767</zmn:X>
					<zmn:Y>449.699</zmn:Y>
				</zmn:DirectPosition>
			</zmn:GM_Point.position>
		</zmn:GM_Point>
		<zmn:GM_Point id="P000000033">
			<zmn:GM_Point.position>
				<zmn:DirectPosition>
					<zmn:X>97.477</zmn:X>
					<zmn:Y>114.197</zmn:Y>
				</zmn:DirectPosition>
			</zmn:GM_Point.position>
		</zmn:GM_Point>
		<zmn:GM_Point id="P000000034">
			<zmn:GM_Point.position>
				<zmn:DirectPosition>
					<zmn:X>302.355</zmn:X>
					<zmn:Y>488.175</zmn:Y>
				</zmn:DirectPosition>
			</zmn:GM_Point.position>
		</zmn:GM_Point>
		<zmn:GM_Point id="P000000035">
			<zmn:GM_Point.position>
				<zmn:DirectPosition>
					<zmn:X>301.233</zmn:X>
					<zmn:Y>477.766</zmn:Y>
				</zmn:DirectPosition>
			</zmn:GM_Point.position>
		</zmn:GM_Point>
		<zmn:GM_Point id="P000000036">
			<zmn:GM_Point.position>
				<zmn:DirectPosition>
					<zmn:X>250.307</zmn:X>
					<zmn:Y>435.324</zmn:Y>
				</zmn:DirectPosition>
			</zmn:GM_Point.position>
		</zmn:GM_Point>
		<zmn:GM_Point id="P000000037">
			<zmn:GM_Point.position>
				<zmn:DirectPosition>
					<zmn:X>493.319</zmn:X>
					<zmn:Y>616.367</zmn:Y>
				</zmn:DirectPosition>
			</zmn:GM_Point.position>
		</zmn:GM_Point>
		<zmn:GM_Point id="P000000038">
			<zmn:GM_Point.position>
				<zmn:DirectPosition>
					<zmn:X>477.499</zmn:X>
					<zmn:Y>604.098</zmn:Y>
				</zmn:DirectPosition>
			</zmn:GM_Point.position>
		</zmn:GM_Point>
		<zmn:GM_Point id="P000000039">
			<zmn:GM_Point.position>
				<zmn:DirectPosition>
					<zmn:X>443.358</zmn:X>
					<zmn:Y>579.271</zmn:Y>
				</zmn:DirectPosition>
			</zmn:GM_Point.position>
		</zmn:GM_Point>
		<zmn:GM_Point id="P000000040">
			<zmn:GM_Point.position>
				<zmn:DirectPosition>
					<zmn:X>408.229</zmn:X>
					<zmn:Y>553.838</zmn:Y>
				</zmn:DirectPosition>
			</zmn:GM_Point.position>
		</zmn:GM_Point>
		<zmn:GM_Point id="P000000041">
			<zmn:GM_Point.position>
				<zmn:DirectPosition>
					<zmn:X>353.678</zmn:X>
					<zmn:Y>514.566</zmn:Y>
				</zmn:DirectPosition>
			</zmn:GM_Point.position>
		</zmn:GM_Point>
		<zmn:GM_Point id="P000000042">
			<zmn:GM_Point.position>
				<zmn:DirectPosition>
					<zmn:X>341.657</zmn:X>
					<zmn:Y>516.522</zmn:Y>
				</zmn:DirectPosition>
			</zmn:GM_Point.position>
		</zmn:GM_Point>
		<zmn:GM_Point id="P000000043">
			<zmn:GM_Point.position>
				<zmn:DirectPosition>
					<zmn:X>304.948</zmn:X>
					<zmn:Y>488.796</zmn:Y>
				</zmn:DirectPosition>
			</zmn:GM_Point.position>
		</zmn:GM_Point>
		<zmn:GM_Point id="P000000044">
			<zmn:GM_Point.position>
				<zmn:DirectPosition>
					<zmn:X>131.090</zmn:X>
					<zmn:Y>221.098</zmn:Y>
				</zmn:DirectPosition>
			</zmn:GM_Point.position>
		</zmn:GM_Point>
		<zmn:GM_Point id="P000000045">
			<zmn:GM_Point.position>
				<zmn:DirectPosition>
					<zmn:X>334.315</zmn:X>
					<zmn:Y>450.265</zmn:Y>
				</zmn:DirectPosition>
			</zmn:GM_Point.position>
		</zmn:GM_Point>
		<zmn:GM_Point id="P000000046">
			<zmn:GM_Point.position>
				<zmn:DirectPosition>
					<zmn:X>439.108</zmn:X>
					<zmn:Y>529.931</zmn:Y>
				</zmn:DirectPosition>
			</zmn:GM_Point.position>
		</zmn:GM_Point>
		<zmn:GM_Point id="P000000047">
			<zmn:GM_Point.position>
				<zmn:DirectPosition>
					<zmn:X>536.283</zmn:X>
					<zmn:Y>603.829</zmn:Y>
				</zmn:DirectPosition>
			</zmn:GM_Point.position>
		</zmn:GM_Point>
		<zmn:GM_Point id="P000000048">
			<zmn:GM_Point.position>
				<zmn:DirectPosition>
					<zmn:X>534.552</zmn:X>
					<zmn:Y>604.527</zmn:Y>
				</zmn:DirectPosition>
			</zmn:GM_Point.position>
		</zmn:GM_Point>
		<zmn:GM_Point id="P000000049">
			<zmn:GM_Point.position>
				<zmn:DirectPosition>
					<zmn:X>521.800</zmn:X>
					<zmn:Y>605.950</zmn:Y>
				</zmn:DirectPosition>
			</zmn:GM_Point.position>
		</zmn:GM_Point>
		<zmn:GM_Point id="P000000050">
			<zmn:GM_Point.position>
				<zmn:DirectPosition>
					<zmn:X>519.887</zmn:X>
					<zmn:Y>615.956</zmn:Y>
				</zmn:DirectPosition>
			</zmn:GM_Point.position>
		</zmn:GM_Point>
		<zmn:GM_Point id="P000000051">
			<zmn:GM_Point.position>
				<zmn:DirectPosition>
					<zmn:X>518.869</zmn:X>
					<zmn:Y>635.765</zmn:Y>
				</zmn:DirectPosition>
			</zmn:GM_Point.position>
		</zmn:GM_Point>
		<zmn:GM_Point id="P000000052">
			<zmn:GM_Point.position>
				<zmn:DirectPosition>
					<zmn:X>133.133</zmn:X>
					<zmn:Y>227.335</zmn:Y>
				</zmn:DirectPosition>
			</zmn:GM_Point.position>
		</zmn:GM_Point>
		<zmn:GM_Point id="P000000053">
			<zmn:GM_Point.position>
				<zmn:DirectPosition>
					<zmn:X>139.774</zmn:X>
					<zmn:Y>245.151</zmn:Y>
				</zmn:DirectPosition>
			</zmn:GM_Point.position>
		</zmn:GM_Point>
		<zmn:GM_Point id="P000000054">
			<zmn:GM_Point.position>
				<zmn:DirectPosition>
					<zmn:X>147.277</zmn:X>
					<zmn:Y>262.284</zmn:Y>
				</zmn:DirectPosition>
			</zmn:GM_Point.position>
		</zmn:GM_Point>
		<zmn:GM_Point id="P000000055">
			<zmn:GM_Point.position>
				<zmn:DirectPosition>
					<zmn:X>155.881</zmn:X>
					<zmn:Y>279.213</zmn:Y>
				</zmn:DirectPosition>
			</zmn:GM_Point.position>
		</zmn:GM_Point>
		<zmn:GM_Curve id="C000000001">
			<zmn:GM_OrientablePrimitive.orientation>+</zmn:GM_OrientablePrimitive.orientation>
			<zmn:GM_OrientablePrimitive.primitive idref="C000000001"/>
			<zmn:GM_Curve.segment>
				<zmn:GM_LineString>
					<zmn:GM_LineString.controlPoint>
						<zmn:GM_PointArray.column>
							<zmn:GM_Position.direct>
								<zmn:X>250.307</zmn:X>
								<zmn:Y>435.324</zmn:Y>
							</zmn:GM_Position.direct>
						</zmn:GM_PointArray.column>
						<zmn:GM_PointArray.column>
							<zmn:GM_Position.direct>
								<zmn:X>217.827</zmn:X>
								<zmn:Y>408.822</zmn:Y>
							</zmn:GM_Position.direct>
						</zmn:GM_PointArray.column>
					</zmn:GM_LineString.controlPoint>
				</zmn:GM_LineString>
			</zmn:GM_Curve.segment>
		</zmn:GM_Curve>
		<zmn:GM_Curve id="C000000002">
			<zmn:GM_OrientablePrimitive.orientation>+</zmn:GM_OrientablePrimitive.orientation>
			<zmn:GM_OrientablePrimitive.primitive idref="C000000002"/>
			<zmn:GM_Curve.segment>
				<zmn:GM_LineString>
					<zmn:GM_LineString.controlPoint>
						<zmn:GM_PointArray.column>
							<zmn:GM_Position.direct>
								<zmn:X>72.205</zmn:X>
								<zmn:Y>121.833</zmn:Y>
							</zmn:GM_Position.direct>
						</zmn:GM_PointArray.column>
						<zmn:GM_PointArray.column>
							<zmn:GM_Position.direct>
								<zmn:X>82.256</zmn:X>
								<zmn:Y>112.774</zmn:Y>
							</zmn:GM_Position.direct>
						</zmn:GM_PointArray.column>
					</zmn:GM_LineString.controlPoint>
				</zmn:GM_LineString>
			</zmn:GM_Curve.segment>
		</zmn:GM_Curve>
		<zmn:GM_Curve id="C000000003">
			<zmn:GM_OrientablePrimitive.orientation>+</zmn:GM_OrientablePrimitive.orientation>
			<zmn:GM_OrientablePrimitive.primitive idref="C000000003"/>
			<zmn:GM_Curve.segment>
				<zmn:GM_LineString>
					<zmn:GM_LineString.controlPoint>
						<zmn:GM_PointArray.column>
							<zmn:GM_Position.direct>
								<zmn:X>518.869</zmn:X>
								<zmn:Y>635.765</zmn:Y>
							</zmn:GM_Position.direct>
						</zmn:GM_PointArray.column>
						<zmn:GM_PointArray.column>
							<zmn:GM_Position.direct>
								<zmn:X>493.319</zmn:X>
								<zmn:Y>616.367</zmn:Y>
							</zmn:GM_Position.direct>
						</zmn:GM_PointArray.column>
					</zmn:GM_LineString.controlPoint>
				</zmn:GM_LineString>
			</zmn:GM_Curve.segment>
		</zmn:GM_Curve>
		<zmn:GM_Curve id="C000000004">
			<zmn:GM_OrientablePrimitive.orientation>+</zmn:GM_OrientablePrimitive.orientation>
			<zmn:GM_OrientablePrimitive.primitive idref="C000000004"/>
			<zmn:GM_Curve.segment>
				<zmn:GM_LineString>
					<zmn:GM_LineString.controlPoint>
						<zmn:GM_PointArray.column>
							<zmn:GM_Position.direct>
								<zmn:X>250.307</zmn:X>
								<zmn:Y>435.324</zmn:Y>
							</zmn:GM_Position.direct>
						</zmn:GM_PointArray.column>
						<zmn:GM_PointArray.column>
							<zmn:GM_Position.direct>
								<zmn:X>217.827</zmn:X>
								<zmn:Y>408.822</zmn:Y>
							</zmn:GM_Position.direct>
						</zmn:GM_PointArray.column>
					</zmn:GM_LineString.controlPoint>
				</zmn:GM_LineString>
			</zmn:GM_Curve.segment>
		</zmn:GM_Curve>
		<zmn:GM_Curve id="C000000005">
			<zmn:GM_OrientablePrimitive.orientation>+</zmn:GM_OrientablePrimitive.orientation>
			<zmn:GM_OrientablePrimitive.primitive idref="C000000005"/>
			<zmn:GM_Curve.segment>
				<zmn:GM_LineString>
					<zmn:GM_LineString.controlPoint>
						<zmn:GM_PointArray.column>
							<zmn:GM_Position.direct>
								<zmn:X>72.205</zmn:X>
								<zmn:Y>121.833</zmn:Y>
							</zmn:GM_Position.direct>
						</zmn:GM_PointArray.column>
						<zmn:GM_PointArray.column>
							<zmn:GM_Position.direct>
								<zmn:X>82.256</zmn:X>
								<zmn:Y>112.774</zmn:Y>
							</zmn:GM_Position.direct>
						</zmn:GM_PointArray.column>
					</zmn:GM_LineString.controlPoint>
				</zmn:GM_LineString>
			</zmn:GM_Curve.segment>
		</zmn:GM_Curve>
		<zmn:GM_Curve id="C000000006">
			<zmn:GM_OrientablePrimitive.orientation>+</zmn:GM_OrientablePrimitive.orientation>
			<zmn:GM_OrientablePrimitive.primitive idref="C000000006"/>
			<zmn:GM_Curve.segment>
				<zmn:GM_LineString>
					<zmn:GM_LineString.controlPoint>
						<zmn:GM_PointArray.column>
							<zmn:GM_Position.direct>
								<zmn:X>518.869</zmn:X>
								<zmn:Y>635.765</zmn:Y>
							</zmn:GM_Position.direct>
						</zmn:GM_PointArray.column>
						<zmn:GM_PointArray.column>
							<zmn:GM_Position.direct>
								<zmn:X>493.319</zmn:X>
								<zmn:Y>616.367</zmn:Y>
							</zmn:GM_Position.direct>
						</zmn:GM_PointArray.column>
					</zmn:GM_LineString.controlPoint>
				</zmn:GM_LineString>
			</zmn:GM_Curve.segment>
		</zmn:GM_Curve>
		<zmn:GM_Curve id="C000000007">
			<zmn:GM_OrientablePrimitive.orientation>+</zmn:GM_OrientablePrimitive.orientation>
			<zmn:GM_OrientablePrimitive.primitive idref="C000000007"/>
			<zmn:GM_Curve.segment>
				<zmn:GM_LineString>
					<zmn:GM_LineString.controlPoint>
						<zmn:GM_PointArray.column>
							<zmn:GM_Position.indirect>
								<zmn:GM_PointRef.point idref="P000000001"/>
							</zmn:GM_Position.indirect>
						</zmn:GM_PointArray.column>
						<zmn:GM_PointArray.column>
							<zmn:GM_Position.indirect>
								<zmn:GM_PointRef.point idref="P000000011"/>
							</zmn:GM_Position.indirect>
						</zmn:GM_PointArray.column>
					</zmn:GM_LineString.controlPoint>
				</zmn:GM_LineString>
			</zmn:GM_Curve.segment>
		</zmn:GM_Curve>
		<zmn:GM_Curve id="C000000008">
			<zmn:GM_OrientablePrimitive.orientation>+</zmn:GM_OrientablePrimitive.orientation>
			<zmn:GM_OrientablePrimitive.primitive idref="C000000008"/>
			<zmn:GM_Curve.segment>
				<zmn:GM_LineString>
					<zmn:GM_LineString.controlPoint>
						<zmn:GM_PointArray.column>
							<zmn:GM_Position.indirect>
								<zmn:GM_PointRef.point idref="P000000011"/>
							</zmn:GM_Position.indirect>
						</zmn:GM_PointArray.column>
						<zmn:GM_PointArray.column>
							<zmn:GM_Position.indirect>
								<zmn:GM_PointRef.point idref="P000000022"/>
							</zmn:GM_Position.indirect>
						</zmn:GM_PointArray.column>
					</zmn:GM_LineString.controlPoint>
				</zmn:GM_LineString>
			</zmn:GM_Curve.segment>
		</zmn:GM_Curve>
		<zmn:GM_Curve id="C000000009">
			<zmn:GM_OrientablePrimitive.orientation>+</zmn:GM_OrientablePrimitive.orientation>
			<zmn:GM_OrientablePrimitive.primitive idref="C000000009"/>
			<zmn:GM_Curve.segment>
				<zmn:GM_LineString>
					<zmn:GM_LineString.controlPoint>
						<zmn:GM_PointArray.column>
							<zmn:GM_Position.indirect>
								<zmn:GM_PointRef.point idref="P000000022"/>
							</zmn:GM_Position.indirect>
						</zmn:GM_PointArray.column>
						<zmn:GM_PointArray.column>
							<zmn:GM_Position.indirect>
								<zmn:GM_PointRef.point idref="P000000033"/>
							</zmn:GM_Position.indirect>
						</zmn:GM_PointArray.column>
					</zmn:GM_LineString.controlPoint>
				</zmn:GM_LineString>
			</zmn:GM_Curve.segment>
		</zmn:GM_Curve>
		<zmn:GM_Curve id="C000000010">
			<zmn:GM_OrientablePrimitive.orientation>+</zmn:GM_OrientablePrimitive.orientation>
			<zmn:GM_OrientablePrimitive.primitive idref="C000000010"/>
			<zmn:GM_Curve.segment>
				<zmn:GM_LineString>
					<zmn:GM_LineString.controlPoint>
						<zmn:GM_PointArray.column>
							<zmn:GM_Position.indirect>
								<zmn:GM_PointRef.point idref="P000000033"/>
							</zmn:GM_Position.indirect>
						</zmn:GM_PointArray.column>
						<zmn:GM_PointArray.column>
							<zmn:GM_Position.indirect>
								<zmn:GM_PointRef.point idref="P000000044"/>
							</zmn:GM_Position.indirect>
						</zmn:GM_PointArray.column>
					</zmn:GM_LineString.controlPoint>
				</zmn:GM_LineString>
			</zmn:GM_Curve.segment>
		</zmn:GM_Curve>
		<zmn:GM_Curve id="C000000011">
			<zmn:GM_OrientablePrimitive.orientation>+</zmn:GM_OrientablePrimitive.orientation>
			<zmn:GM_OrientablePrimitive.primitive idref="C000000011"/>
			<zmn:GM_Curve.segment>
				<zmn:GM_LineString>
					<zmn:GM_LineString.controlPoint>
						<zmn:GM_PointArray.column>
							<zmn:GM_Position.indirect>
								<zmn:GM_PointRef.point idref="P000000044"/>
							</zmn:GM_Position.indirect>
						</zmn:GM_PointArray.column>
						<zmn:GM_PointArray.column>
							<zmn:GM_Position.indirect>
								<zmn:GM_PointRef.point idref="P000000052"/>
							</zmn:GM_Position.indirect>
						</zmn:GM_PointArray.column>
					</zmn:GM_LineString.controlPoint>
				</zmn:GM_LineString>
			</zmn:GM_Curve.segment>
		</zmn:GM_Curve>
		<zmn:GM_Curve id="C000000012">
			<zmn:GM_OrientablePrimitive.orientation>+</zmn:GM_OrientablePrimitive.orientation>
			<zmn:GM_OrientablePrimitive.primitive idref="C000000012"/>
			<zmn:GM_Curve.segment>
				<zmn:GM_LineString>
					<zmn:GM_LineString.controlPoint>
						<zmn:GM_PointArray.column>
							<zmn:GM_Position.indirect>
								<zmn:GM_PointRef.point idref="P000000052"/>
							</zmn:GM_Position.indirect>
						</zmn:GM_PointArray.column>
						<zmn:GM_PointArray.column>
							<zmn:GM_Position.indirect>
								<zmn:GM_PointRef.point idref="P000000053"/>
							</zmn:GM_Position.indirect>
						</zmn:GM_PointArray.column>
					</zmn:GM_LineString.controlPoint>
				</zmn:GM_LineString>
			</zmn:GM_Curve.segment>
		</zmn:GM_Curve>
		<zmn:GM_Curve id="C000000013">
			<zmn:GM_OrientablePrimitive.orientation>+</zmn:GM_OrientablePrimitive.orientation>
			<zmn:GM_OrientablePrimitive.primitive idref="C000000013"/>
			<zmn:GM_Curve.segment>
				<zmn:GM_LineString>
					<zmn:GM_LineString.controlPoint>
						<zmn:GM_PointArray.column>
							<zmn:GM_Position.indirect>
								<zmn:GM_PointRef.point idref="P000000053"/>
							</zmn:GM_Position.indirect>
						</zmn:GM_PointArray.column>
						<zmn:GM_PointArray.column>
							<zmn:GM_Position.indirect>
								<zmn:GM_PointRef.point idref="P000000054"/>
							</zmn:GM_Position.indirect>
						</zmn:GM_PointArray.column>
					</zmn:GM_LineString.controlPoint>
				</zmn:GM_LineString>
			</zmn:GM_Curve.segment>
		</zmn:GM_Curve>
		<zmn:GM_Curve id="C000000014">
			<zmn:GM_OrientablePrimitive.orientation>+</zmn:GM_OrientablePrimitive.orientation>
			<zmn:GM_OrientablePrimitive.primitive idref="C000000014"/>
			<zmn:GM_Curve.segment>
				<zmn:GM_LineString>
					<zmn:GM_LineString.controlPoint>
						<zmn:GM_PointArray.column>
							<zmn:GM_Position.indirect>
								<zmn:GM_PointRef.point idref="P000000054"/>
							</zmn:GM_Position.indirect>
						</zmn:GM_PointArray.column>
						<zmn:GM_PointArray.column>
							<zmn:GM_Position.indirect>
								<zmn:GM_PointRef.point idref="P000000055"/>
							</zmn:GM_Position.indirect>
						</zmn:GM_PointArray.column>
					</zmn:GM_LineString.controlPoint>
				</zmn:GM_LineString>
			</zmn:GM_Curve.segment>
		</zmn:GM_Curve>
		<zmn:GM_Curve id="C000000015">
			<zmn:GM_OrientablePrimitive.orientation>+</zmn:GM_OrientablePrimitive.orientation>
			<zmn:GM_OrientablePrimitive.primitive idref="C000000015"/>
			<zmn:GM_Curve.segment>
				<zmn:GM_LineString>
					<zmn:GM_LineString.controlPoint>
						<zmn:GM_PointArray.column>
							<zmn:GM_Position.indirect>
								<zmn:GM_PointRef.point idref="P000000055"/>
							</zmn:GM_Position.indirect>
						</zmn:GM_PointArray.column>
						<zmn:GM_PointArray.column>
							<zmn:GM_Position.indirect>
								<zmn:GM_PointRef.point idref="P000000002"/>
							</zmn:GM_Position.indirect>
						</zmn:GM_PointArray.column>
					</zmn:GM_LineString.controlPoint>
				</zmn:GM_LineString>
			</zmn:GM_Curve.segment>
		</zmn:GM_Curve>
		<zmn:GM_Curve id="C000000016">
			<zmn:GM_OrientablePrimitive.orientation>+</zmn:GM_OrientablePrimitive.orientation>
			<zmn:GM_OrientablePrimitive.primitive idref="C000000016"/>
			<zmn:GM_Curve.segment>
				<zmn:GM_LineString>
					<zmn:GM_LineString.controlPoint>
						<zmn:GM_PointArray.column>
							<zmn:GM_Position.indirect>
								<zmn:GM_PointRef.point idref="P000000002"/>
							</zmn:GM_Position.indirect>
						</zmn:GM_PointArray.column>
						<zmn:GM_PointArray.column>
							<zmn:GM_Position.indirect>
								<zmn:GM_PointRef.point idref="P000000025"/>
							</zmn:GM_Position.indirect>
						</zmn:GM_PointArray.column>
					</zmn:GM_LineString.controlPoint>
				</zmn:GM_LineString>
			</zmn:GM_Curve.segment>
		</zmn:GM_Curve>
		<zmn:GM_Curve id="C000000017">
			<zmn:GM_OrientablePrimitive.orientation>+</zmn:GM_OrientablePrimitive.orientation>
			<zmn:GM_OrientablePrimitive.primitive idref="C000000017"/>
			<zmn:GM_Curve.segment>
				<zmn:GM_LineString>
					<zmn:GM_LineString.controlPoint>
						<zmn:GM_PointArray.column>
							<zmn:GM_Position.indirect>
								<zmn:GM_PointRef.point idref="P000000025"/>
							</zmn:GM_Position.indirect>
						</zmn:GM_PointArray.column>
						<zmn:GM_PointArray.column>
							<zmn:GM_Position.indirect>
								<zmn:GM_PointRef.point idref="P000000003"/>
							</zmn:GM_Position.indirect>
						</zmn:GM_PointArray.column>
					</zmn:GM_LineString.controlPoint>
				</zmn:GM_LineString>
			</zmn:GM_Curve.segment>
		</zmn:GM_Curve>
		<zmn:GM_Curve id="C000000018">
			<zmn:GM_OrientablePrimitive.orientation>+</zmn:GM_OrientablePrimitive.orientation>
			<zmn:GM_OrientablePrimitive.primitive idref="C000000018"/>
			<zmn:GM_Curve.segment>
				<zmn:GM_LineString>
					<zmn:GM_LineString.controlPoint>
						<zmn:GM_PointArray.column>
							<zmn:GM_Position.indirect>
								<zmn:GM_PointRef.point idref="P000000003"/>
							</zmn:GM_Position.indirect>
						</zmn:GM_PointArray.column>
						<zmn:GM_PointArray.column>
							<zmn:GM_Position.indirect>
								<zmn:GM_PointRef.point idref="P000000004"/>
							</zmn:GM_Position.indirect>
						</zmn:GM_PointArray.column>
					</zmn:GM_LineString.controlPoint>
				</zmn:GM_LineString>
			</zmn:GM_Curve.segment>
		</zmn:GM_Curve>
		<zmn:GM_Curve id="C000000019">
			<zmn:GM_OrientablePrimitive.orientation>+</zmn:GM_OrientablePrimitive.orientation>
			<zmn:GM_OrientablePrimitive.primitive idref="C000000019"/>
			<zmn:GM_Curve.segment>
				<zmn:GM_LineString>
					<zmn:GM_LineString.controlPoint>
						<zmn:GM_PointArray.column>
							<zmn:GM_Position.indirect>
								<zmn:GM_PointRef.point idref="P000000004"/>
							</zmn:GM_Position.indirect>
						</zmn:GM_PointArray.column>
						<zmn:GM_PointArray.column>
							<zmn:GM_Position.indirect>
								<zmn:GM_PointRef.point idref="P000000005"/>
							</zmn:GM_Position.indirect>
						</zmn:GM_PointArray.column>
					</zmn:GM_LineString.controlPoint>
				</zmn:GM_LineString>
			</zmn:GM_Curve.segment>
		</zmn:GM_Curve>
		<zmn:GM_Curve id="C000000020">
			<zmn:GM_OrientablePrimitive.orientation>+</zmn:GM_OrientablePrimitive.orientation>
			<zmn:GM_OrientablePrimitive.primitive idref="C000000020"/>
			<zmn:GM_Curve.segment>
				<zmn:GM_LineString>
					<zmn:GM_LineString.controlPoint>
						<zmn:GM_PointArray.column>
							<zmn:GM_Position.indirect>
								<zmn:GM_PointRef.point idref="P000000005"/>
							</zmn:GM_Position.indirect>
						</zmn:GM_PointArray.column>
						<zmn:GM_PointArray.column>
							<zmn:GM_Position.indirect>
								<zmn:GM_PointRef.point idref="P000000006"/>
							</zmn:GM_Position.indirect>
						</zmn:GM_PointArray.column>
					</zmn:GM_LineString.controlPoint>
				</zmn:GM_LineString>
			</zmn:GM_Curve.segment>
		</zmn:GM_Curve>
		<zmn:GM_Curve id="C000000021">
			<zmn:GM_OrientablePrimitive.orientation>+</zmn:GM_OrientablePrimitive.orientation>
			<zmn:GM_OrientablePrimitive.primitive idref="C000000021"/>
			<zmn:GM_Curve.segment>
				<zmn:GM_LineString>
					<zmn:GM_LineString.controlPoint>
						<zmn:GM_PointArray.column>
							<zmn:GM_Position.indirect>
								<zmn:GM_PointRef.point idref="P000000006"/>
							</zmn:GM_Position.indirect>
						</zmn:GM_PointArray.column>
						<zmn:GM_PointArray.column>
							<zmn:GM_Position.indirect>
								<zmn:GM_PointRef.point idref="P000000007"/>
							</zmn:GM_Position.indirect>
						</zmn:GM_PointArray.column>
					</zmn:GM_LineString.controlPoint>
				</zmn:GM_LineString>
			</zmn:GM_Curve.segment>
		</zmn:GM_Curve>
		<zmn:GM_Curve id="C000000022">
			<zmn:GM_OrientablePrimitive.orientation>+</zmn:GM_OrientablePrimitive.orientation>
			<zmn:GM_OrientablePrimitive.primitive idref="C000000022"/>
			<zmn:GM_Curve.segment>
				<zmn:GM_LineString>
					<zmn:GM_LineString.controlPoint>
						<zmn:GM_PointArray.column>
							<zmn:GM_Position.indirect>
								<zmn:GM_PointRef.point idref="P000000007"/>
							</zmn:GM_Position.indirect>
						</zmn:GM_PointArray.column>
						<zmn:GM_PointArray.column>
							<zmn:GM_Position.indirect>
								<zmn:GM_PointRef.point idref="P000000008"/>
							</zmn:GM_Position.indirect>
						</zmn:GM_PointArray.column>
					</zmn:GM_LineString.controlPoint>
				</zmn:GM_LineString>
			</zmn:GM_Curve.segment>
		</zmn:GM_Curve>
		<zmn:GM_Curve id="C000000023">
			<zmn:GM_OrientablePrimitive.orientation>+</zmn:GM_OrientablePrimitive.orientation>
			<zmn:GM_OrientablePrimitive.primitive idref="C000000023"/>
			<zmn:GM_Curve.segment>
				<zmn:GM_LineString>
					<zmn:GM_LineString.controlPoint>
						<zmn:GM_PointArray.column>
							<zmn:GM_Position.indirect>
								<zmn:GM_PointRef.point idref="P000000008"/>
							</zmn:GM_Position.indirect>
						</zmn:GM_PointArray.column>
						<zmn:GM_PointArray.column>
							<zmn:GM_Position.indirect>
								<zmn:GM_PointRef.point idref="P000000009"/>
							</zmn:GM_Position.indirect>
						</zmn:GM_PointArray.column>
					</zmn:GM_LineString.controlPoint>
				</zmn:GM_LineString>
			</zmn:GM_Curve.segment>
		</zmn:GM_Curve>
		<zmn:GM_Curve id="C000000024">
			<zmn:GM_OrientablePrimitive.orientation>+</zmn:GM_OrientablePrimitive.orientation>
			<zmn:GM_OrientablePrimitive.primitive idref="C000000024"/>
			<zmn:GM_Curve.segment>
				<zmn:GM_LineString>
					<zmn:GM_LineString.controlPoint>
						<zmn:GM_PointArray.column>
							<zmn:GM_Position.indirect>
								<zmn:GM_PointRef.point idref="P000000009"/>
							</zmn:GM_Position.indirect>
						</zmn:GM_PointArray.column>
						<zmn:GM_PointArray.column>
							<zmn:GM_Position.indirect>
								<zmn:GM_PointRef.point idref="P000000010"/>
							</zmn:GM_Position.indirect>
						</zmn:GM_PointArray.column>
					</zmn:GM_LineString.controlPoint>
				</zmn:GM_LineString>
			</zmn:GM_Curve.segment>
		</zmn:GM_Curve>
		<zmn:GM_Curve id="C000000025">
			<zmn:GM_OrientablePrimitive.orientation>+</zmn:GM_OrientablePrimitive.orientation>
			<zmn:GM_OrientablePrimitive.primitive idref="C000000025"/>
			<zmn:GM_Curve.segment>
				<zmn:GM_LineString>
					<zmn:GM_LineString.controlPoint>
						<zmn:GM_PointArray.column>
							<zmn:GM_Position.indirect>
								<zmn:GM_PointRef.point idref="P000000010"/>
							</zmn:GM_Position.indirect>
						</zmn:GM_PointArray.column>
						<zmn:GM_PointArray.column>
							<zmn:GM_Position.indirect>
								<zmn:GM_PointRef.point idref="P000000012"/>
							</zmn:GM_Position.indirect>
						</zmn:GM_PointArray.column>
					</zmn:GM_LineString.controlPoint>
				</zmn:GM_LineString>
			</zmn:GM_Curve.segment>
		</zmn:GM_Curve>
		<zmn:GM_Curve id="C000000026">
			<zmn:GM_OrientablePrimitive.orientation>+</zmn:GM_OrientablePrimitive.orientation>
			<zmn:GM_OrientablePrimitive.primitive idref="C000000026"/>
			<zmn:GM_Curve.segment>
				<zmn:GM_LineString>
					<zmn:GM_LineString.controlPoint>
						<zmn:GM_PointArray.column>
							<zmn:GM_Position.indirect>
								<zmn:GM_PointRef.point idref="P000000012"/>
							</zmn:GM_Position.indirect>
						</zmn:GM_PointArray.column>
						<zmn:GM_PointArray.column>
							<zmn:GM_Position.indirect>
								<zmn:GM_PointRef.point idref="P000000013"/>
							</zmn:GM_Position.indirect>
						</zmn:GM_PointArray.column>
					</zmn:GM_LineString.controlPoint>
				</zmn:GM_LineString>
			</zmn:GM_Curve.segment>
		</zmn:GM_Curve>
		<zmn:GM_Curve id="C000000027">
			<zmn:GM_OrientablePrimitive.orientation>+</zmn:GM_OrientablePrimitive.orientation>
			<zmn:GM_OrientablePrimitive.primitive idref="C000000027"/>
			<zmn:GM_Curve.segment>
				<zmn:GM_LineString>
					<zmn:GM_LineString.controlPoint>
						<zmn:GM_PointArray.column>
							<zmn:GM_Position.indirect>
								<zmn:GM_PointRef.point idref="P000000013"/>
							</zmn:GM_Position.indirect>
						</zmn:GM_PointArray.column>
						<zmn:GM_PointArray.column>
							<zmn:GM_Position.indirect>
								<zmn:GM_PointRef.point idref="P000000014"/>
							</zmn:GM_Position.indirect>
						</zmn:GM_PointArray.column>
					</zmn:GM_LineString.controlPoint>
				</zmn:GM_LineString>
			</zmn:GM_Curve.segment>
		</zmn:GM_Curve>
		<zmn:GM_Curve id="C000000028">
			<zmn:GM_OrientablePrimitive.orientation>+</zmn:GM_OrientablePrimitive.orientation>
			<zmn:GM_OrientablePrimitive.primitive idref="C000000028"/>
			<zmn:GM_Curve.segment>
				<zmn:GM_LineString>
					<zmn:GM_LineString.controlPoint>
						<zmn:GM_PointArray.column>
							<zmn:GM_Position.indirect>
								<zmn:GM_PointRef.point idref="P000000014"/>
							</zmn:GM_Position.indirect>
						</zmn:GM_PointArray.column>
						<zmn:GM_PointArray.column>
							<zmn:GM_Position.indirect>
								<zmn:GM_PointRef.point idref="P000000015"/>
							</zmn:GM_Position.indirect>
						</zmn:GM_PointArray.column>
					</zmn:GM_LineString.controlPoint>
				</zmn:GM_LineString>
			</zmn:GM_Curve.segment>
		</zmn:GM_Curve>
		<zmn:GM_Curve id="C000000029">
			<zmn:GM_OrientablePrimitive.orientation>+</zmn:GM_OrientablePrimitive.orientation>
			<zmn:GM_OrientablePrimitive.primitive idref="C000000029"/>
			<zmn:GM_Curve.segment>
				<zmn:GM_LineString>
					<zmn:GM_LineString.controlPoint>
						<zmn:GM_PointArray.column>
							<zmn:GM_Position.indirect>
								<zmn:GM_PointRef.point idref="P000000015"/>
							</zmn:GM_Position.indirect>
						</zmn:GM_PointArray.column>
						<zmn:GM_PointArray.column>
							<zmn:GM_Position.indirect>
								<zmn:GM_PointRef.point idref="P000000001"/>
							</zmn:GM_Position.indirect>
						</zmn:GM_PointArray.column>
					</zmn:GM_LineString.controlPoint>
				</zmn:GM_LineString>
			</zmn:GM_Curve.segment>
		</zmn:GM_Curve>
		<zmn:GM_Curve id="C000000030">
			<zmn:GM_OrientablePrimitive.orientation>+</zmn:GM_OrientablePrimitive.orientation>
			<zmn:GM_OrientablePrimitive.primitive idref="C000000030"/>
			<zmn:GM_Curve.segment>
				<zmn:GM_LineString>
					<zmn:GM_LineString.controlPoint>
						<zmn:GM_PointArray.column>
							<zmn:GM_Position.indirect>
								<zmn:GM_PointRef.point idref="P000000016"/>
							</zmn:GM_Position.indirect>
						</zmn:GM_PointArray.column>
						<zmn:GM_PointArray.column>
							<zmn:GM_Position.indirect>
								<zmn:GM_PointRef.point idref="P000000017"/>
							</zmn:GM_Position.indirect>
						</zmn:GM_PointArray.column>
					</zmn:GM_LineString.controlPoint>
				</zmn:GM_LineString>
			</zmn:GM_Curve.segment>
		</zmn:GM_Curve>
		<zmn:GM_Curve id="C000000031">
			<zmn:GM_OrientablePrimitive.orientation>+</zmn:GM_OrientablePrimitive.orientation>
			<zmn:GM_OrientablePrimitive.primitive idref="C000000031"/>
			<zmn:GM_Curve.segment>
				<zmn:GM_LineString>
					<zmn:GM_LineString.controlPoint>
						<zmn:GM_PointArray.column>
							<zmn:GM_Position.indirect>
								<zmn:GM_PointRef.point idref="P000000017"/>
							</zmn:GM_Position.indirect>
						</zmn:GM_PointArray.column>
						<zmn:GM_PointArray.column>
							<zmn:GM_Position.indirect>
								<zmn:GM_PointRef.point idref="P000000018"/>
							</zmn:GM_Position.indirect>
						</zmn:GM_PointArray.column>
					</zmn:GM_LineString.controlPoint>
				</zmn:GM_LineString>
			</zmn:GM_Curve.segment>
		</zmn:GM_Curve>
		<zmn:GM_Curve id="C000000032">
			<zmn:GM_OrientablePrimitive.orientation>+</zmn:GM_OrientablePrimitive.orientation>
			<zmn:GM_OrientablePrimitive.primitive idref="C000000032"/>
			<zmn:GM_Curve.segment>
				<zmn:GM_LineString>
					<zmn:GM_LineString.controlPoint>
						<zmn:GM_PointArray.column>
							<zmn:GM_Position.indirect>
								<zmn:GM_PointRef.point idref="P000000018"/>
							</zmn:GM_Position.indirect>
						</zmn:GM_PointArray.column>
						<zmn:GM_PointArray.column>
							<zmn:GM_Position.indirect>
								<zmn:GM_PointRef.point idref="P000000019"/>
							</zmn:GM_Position.indirect>
						</zmn:GM_PointArray.column>
					</zmn:GM_LineString.controlPoint>
				</zmn:GM_LineString>
			</zmn:GM_Curve.segment>
		</zmn:GM_Curve>
		<zmn:GM_Curve id="C000000033">
			<zmn:GM_OrientablePrimitive.orientation>+</zmn:GM_OrientablePrimitive.orientation>
			<zmn:GM_OrientablePrimitive.primitive idref="C000000033"/>
			<zmn:GM_Curve.segment>
				<zmn:GM_LineString>
					<zmn:GM_LineString.controlPoint>
						<zmn:GM_PointArray.column>
							<zmn:GM_Position.indirect>
								<zmn:GM_PointRef.point idref="P000000019"/>
							</zmn:GM_Position.indirect>
						</zmn:GM_PointArray.column>
						<zmn:GM_PointArray.column>
							<zmn:GM_Position.indirect>
								<zmn:GM_PointRef.point idref="P000000020"/>
							</zmn:GM_Position.indirect>
						</zmn:GM_PointArray.column>
					</zmn:GM_LineString.controlPoint>
				</zmn:GM_LineString>
			</zmn:GM_Curve.segment>
		</zmn:GM_Curve>
		<zmn:GM_Curve id="C000000034">
			<zmn:GM_OrientablePrimitive.orientation>+</zmn:GM_OrientablePrimitive.orientation>
			<zmn:GM_OrientablePrimitive.primitive idref="C000000034"/>
			<zmn:GM_Curve.segment>
				<zmn:GM_LineString>
					<zmn:GM_LineString.controlPoint>
						<zmn:GM_PointArray.column>
							<zmn:GM_Position.indirect>
								<zmn:GM_PointRef.point idref="P000000020"/>
							</zmn:GM_Position.indirect>
						</zmn:GM_PointArray.column>
						<zmn:GM_PointArray.column>
							<zmn:GM_Position.indirect>
								<zmn:GM_PointRef.point idref="P000000021"/>
							</zmn:GM_Position.indirect>
						</zmn:GM_PointArray.column>
					</zmn:GM_LineString.controlPoint>
				</zmn:GM_LineString>
			</zmn:GM_Curve.segment>
		</zmn:GM_Curve>
		<zmn:GM_Curve id="C000000035">
			<zmn:GM_OrientablePrimitive.orientation>+</zmn:GM_OrientablePrimitive.orientation>
			<zmn:GM_OrientablePrimitive.primitive idref="C000000035"/>
			<zmn:GM_Curve.segment>
				<zmn:GM_LineString>
					<zmn:GM_LineString.controlPoint>
						<zmn:GM_PointArray.column>
							<zmn:GM_Position.indirect>
								<zmn:GM_PointRef.point idref="P000000021"/>
							</zmn:GM_Position.indirect>
						</zmn:GM_PointArray.column>
						<zmn:GM_PointArray.column>
							<zmn:GM_Position.indirect>
								<zmn:GM_PointRef.point idref="P000000023"/>
							</zmn:GM_Position.indirect>
						</zmn:GM_PointArray.column>
					</zmn:GM_LineString.controlPoint>
				</zmn:GM_LineString>
			</zmn:GM_Curve.segment>
		</zmn:GM_Curve>
		<zmn:GM_Curve id="C000000036">
			<zmn:GM_OrientablePrimitive.orientation>+</zmn:GM_OrientablePrimitive.orientation>
			<zmn:GM_OrientablePrimitive.primitive idref="C000000036"/>
			<zmn:GM_Curve.segment>
				<zmn:GM_LineString>
					<zmn:GM_LineString.controlPoint>
						<zmn:GM_PointArray.column>
							<zmn:GM_Position.indirect>
								<zmn:GM_PointRef.point idref="P000000023"/>
							</zmn:GM_Position.indirect>
						</zmn:GM_PointArray.column>
						<zmn:GM_PointArray.column>
							<zmn:GM_Position.indirect>
								<zmn:GM_PointRef.point idref="P000000024"/>
							</zmn:GM_Position.indirect>
						</zmn:GM_PointArray.column>
					</zmn:GM_LineString.controlPoint>
				</zmn:GM_LineString>
			</zmn:GM_Curve.segment>
		</zmn:GM_Curve>
		<zmn:GM_Curve id="C000000037">
			<zmn:GM_OrientablePrimitive.orientation>+</zmn:GM_OrientablePrimitive.orientation>
			<zmn:GM_OrientablePrimitive.primitive idref="C000000037"/>
			<zmn:GM_Curve.segment>
				<zmn:GM_LineString>
					<zmn:GM_LineString.controlPoint>
						<zmn:GM_PointArray.column>
							<zmn:GM_Position.indirect>
								<zmn:GM_PointRef.point idref="P000000024"/>
							</zmn:GM_Position.indirect>
						</zmn:GM_PointArray.column>
						<zmn:GM_PointArray.column>
							<zmn:GM_Position.indirect>
								<zmn:GM_PointRef.point idref="P000000003"/>
							</zmn:GM_Position.indirect>
						</zmn:GM_PointArray.column>
					</zmn:GM_LineString.controlPoint>
				</zmn:GM_LineString>
			</zmn:GM_Curve.segment>
		</zmn:GM_Curve>
		<zmn:GM_Curve id="C000000038">
			<zmn:GM_OrientablePrimitive.orientation>+</zmn:GM_OrientablePrimitive.orientation>
			<zmn:GM_OrientablePrimitive.primitive idref="C000000038"/>
			<zmn:GM_Curve.segment>
				<zmn:GM_LineString>
					<zmn:GM_LineString.controlPoint>
						<zmn:GM_PointArray.column>
							<zmn:GM_Position.indirect>
								<zmn:GM_PointRef.point idref="P000000003"/>
							</zmn:GM_Position.indirect>
						</zmn:GM_PointArray.column>
						<zmn:GM_PointArray.column>
							<zmn:GM_Position.indirect>
								<zmn:GM_PointRef.point idref="P000000025"/>
							</zmn:GM_Position.indirect>
						</zmn:GM_PointArray.column>
					</zmn:GM_LineString.controlPoint>
				</zmn:GM_LineString>
			</zmn:GM_Curve.segment>
		</zmn:GM_Curve>
		<zmn:GM_Curve id="C000000039">
			<zmn:GM_OrientablePrimitive.orientation>+</zmn:GM_OrientablePrimitive.orientation>
			<zmn:GM_OrientablePrimitive.primitive idref="C000000039"/>
			<zmn:GM_Curve.segment>
				<zmn:GM_LineString>
					<zmn:GM_LineString.controlPoint>
						<zmn:GM_PointArray.column>
							<zmn:GM_Position.indirect>
								<zmn:GM_PointRef.point idref="P000000025"/>
							</zmn:GM_Position.indirect>
						</zmn:GM_PointArray.column>
						<zmn:GM_PointArray.column>
							<zmn:GM_Position.indirect>
								<zmn:GM_PointRef.point idref="P000000026"/>
							</zmn:GM_Position.indirect>
						</zmn:GM_PointArray.column>
					</zmn:GM_LineString.controlPoint>
				</zmn:GM_LineString>
			</zmn:GM_Curve.segment>
		</zmn:GM_Curve>
		<zmn:GM_Curve id="C000000040">
			<zmn:GM_OrientablePrimitive.orientation>+</zmn:GM_OrientablePrimitive.orientation>
			<zmn:GM_OrientablePrimitive.primitive idref="C000000040"/>
			<zmn:GM_Curve.segment>
				<zmn:GM_LineString>
					<zmn:GM_LineString.controlPoint>
						<zmn:GM_PointArray.column>
							<zmn:GM_Position.indirect>
								<zmn:GM_PointRef.point idref="P000000026"/>
							</zmn:GM_Position.indirect>
						</zmn:GM_PointArray.column>
						<zmn:GM_PointArray.column>
							<zmn:GM_Position.indirect>
								<zmn:GM_PointRef.point idref="P000000027"/>
							</zmn:GM_Position.indirect>
						</zmn:GM_PointArray.column>
					</zmn:GM_LineString.controlPoint>
				</zmn:GM_LineString>
			</zmn:GM_Curve.segment>
		</zmn:GM_Curve>
		<zmn:GM_Curve id="C000000041">
			<zmn:GM_OrientablePrimitive.orientation>+</zmn:GM_OrientablePrimitive.orientation>
			<zmn:GM_OrientablePrimitive.primitive idref="C000000041"/>
			<zmn:GM_Curve.segment>
				<zmn:GM_LineString>
					<zmn:GM_LineString.controlPoint>
						<zmn:GM_PointArray.column>
							<zmn:GM_Position.indirect>
								<zmn:GM_PointRef.point idref="P000000027"/>
							</zmn:GM_Position.indirect>
						</zmn:GM_PointArray.column>
						<zmn:GM_PointArray.column>
							<zmn:GM_Position.indirect>
								<zmn:GM_PointRef.point idref="P000000028"/>
							</zmn:GM_Position.indirect>
						</zmn:GM_PointArray.column>
					</zmn:GM_LineString.controlPoint>
				</zmn:GM_LineString>
			</zmn:GM_Curve.segment>
		</zmn:GM_Curve>
		<zmn:GM_Curve id="C000000042">
			<zmn:GM_OrientablePrimitive.orientation>+</zmn:GM_OrientablePrimitive.orientation>
			<zmn:GM_OrientablePrimitive.primitive idref="C000000042"/>
			<zmn:GM_Curve.segment>
				<zmn:GM_LineString>
					<zmn:GM_LineString.controlPoint>
						<zmn:GM_PointArray.column>
							<zmn:GM_Position.indirect>
								<zmn:GM_PointRef.point idref="P000000028"/>
							</zmn:GM_Position.indirect>
						</zmn:GM_PointArray.column>
						<zmn:GM_PointArray.column>
							<zmn:GM_Position.indirect>
								<zmn:GM_PointRef.point idref="P000000029"/>
							</zmn:GM_Position.indirect>
						</zmn:GM_PointArray.column>
					</zmn:GM_LineString.controlPoint>
				</zmn:GM_LineString>
			</zmn:GM_Curve.segment>
		</zmn:GM_Curve>
		<zmn:GM_Curve id="C000000043">
			<zmn:GM_OrientablePrimitive.orientation>+</zmn:GM_OrientablePrimitive.orientation>
			<zmn:GM_OrientablePrimitive.primitive idref="C000000043"/>
			<zmn:GM_Curve.segment>
				<zmn:GM_LineString>
					<zmn:GM_LineString.controlPoint>
						<zmn:GM_PointArray.column>
							<zmn:GM_Position.indirect>
								<zmn:GM_PointRef.point idref="P000000029"/>
							</zmn:GM_Position.indirect>
						</zmn:GM_PointArray.column>
						<zmn:GM_PointArray.column>
							<zmn:GM_Position.indirect>
								<zmn:GM_PointRef.point idref="P000000030"/>
							</zmn:GM_Position.indirect>
						</zmn:GM_PointArray.column>
					</zmn:GM_LineString.controlPoint>
				</zmn:GM_LineString>
			</zmn:GM_Curve.segment>
		</zmn:GM_Curve>
		<zmn:GM_Curve id="C000000044">
			<zmn:GM_OrientablePrimitive.orientation>+</zmn:GM_OrientablePrimitive.orientation>
			<zmn:GM_OrientablePrimitive.primitive idref="C000000044"/>
			<zmn:GM_Curve.segment>
				<zmn:GM_LineString>
					<zmn:GM_LineString.controlPoint>
						<zmn:GM_PointArray.column>
							<zmn:GM_Position.indirect>
								<zmn:GM_PointRef.point idref="P000000030"/>
							</zmn:GM_Position.indirect>
						</zmn:GM_PointArray.column>
						<zmn:GM_PointArray.column>
							<zmn:GM_Position.indirect>
								<zmn:GM_PointRef.point idref="P000000031"/>
							</zmn:GM_Position.indirect>
						</zmn:GM_PointArray.column>
					</zmn:GM_LineString.controlPoint>
				</zmn:GM_LineString>
			</zmn:GM_Curve.segment>
		</zmn:GM_Curve>
		<zmn:GM_Curve id="C000000045">
			<zmn:GM_OrientablePrimitive.orientation>+</zmn:GM_OrientablePrimitive.orientation>
			<zmn:GM_OrientablePrimitive.primitive idref="C000000045"/>
			<zmn:GM_Curve.segment>
				<zmn:GM_LineString>
					<zmn:GM_LineString.controlPoint>
						<zmn:GM_PointArray.column>
							<zmn:GM_Position.indirect>
								<zmn:GM_PointRef.point idref="P000000031"/>
							</zmn:GM_Position.indirect>
						</zmn:GM_PointArray.column>
						<zmn:GM_PointArray.column>
							<zmn:GM_Position.indirect>
								<zmn:GM_PointRef.point idref="P000000032"/>
							</zmn:GM_Position.indirect>
						</zmn:GM_PointArray.column>
					</zmn:GM_LineString.controlPoint>
				</zmn:GM_LineString>
			</zmn:GM_Curve.segment>
		</zmn:GM_Curve>
		<zmn:GM_Curve id="C000000046">
			<zmn:GM_OrientablePrimitive.orientation>+</zmn:GM_OrientablePrimitive.orientation>
			<zmn:GM_OrientablePrimitive.primitive idref="C000000046"/>
			<zmn:GM_Curve.segment>
				<zmn:GM_LineString>
					<zmn:GM_LineString.controlPoint>
						<zmn:GM_PointArray.column>
							<zmn:GM_Position.indirect>
								<zmn:GM_PointRef.point idref="P000000032"/>
							</zmn:GM_Position.indirect>
						</zmn:GM_PointArray.column>
						<zmn:GM_PointArray.column>
							<zmn:GM_Position.indirect>
								<zmn:GM_PointRef.point idref="P000000034"/>
							</zmn:GM_Position.indirect>
						</zmn:GM_PointArray.column>
					</zmn:GM_LineString.controlPoint>
				</zmn:GM_LineString>
			</zmn:GM_Curve.segment>
		</zmn:GM_Curve>
		<zmn:GM_Curve id="C000000047">
			<zmn:GM_OrientablePrimitive.orientation>+</zmn:GM_OrientablePrimitive.orientation>
			<zmn:GM_OrientablePrimitive.primitive idref="C000000047"/>
			<zmn:GM_Curve.segment>
				<zmn:GM_LineString>
					<zmn:GM_LineString.controlPoint>
						<zmn:GM_PointArray.column>
							<zmn:GM_Position.indirect>
								<zmn:GM_PointRef.point idref="P000000034"/>
							</zmn:GM_Position.indirect>
						</zmn:GM_PointArray.column>
						<zmn:GM_PointArray.column>
							<zmn:GM_Position.indirect>
								<zmn:GM_PointRef.point idref="P000000035"/>
							</zmn:GM_Position.indirect>
						</zmn:GM_PointArray.column>
					</zmn:GM_LineString.controlPoint>
				</zmn:GM_LineString>
			</zmn:GM_Curve.segment>
		</zmn:GM_Curve>
		<zmn:GM_Curve id="C000000048">
			<zmn:GM_OrientablePrimitive.orientation>+</zmn:GM_OrientablePrimitive.orientation>
			<zmn:GM_OrientablePrimitive.primitive idref="C000000048"/>
			<zmn:GM_Curve.segment>
				<zmn:GM_LineString>
					<zmn:GM_LineString.controlPoint>
						<zmn:GM_PointArray.column>
							<zmn:GM_Position.indirect>
								<zmn:GM_PointRef.point idref="P000000035"/>
							</zmn:GM_Position.indirect>
						</zmn:GM_PointArray.column>
						<zmn:GM_PointArray.column>
							<zmn:GM_Position.indirect>
								<zmn:GM_PointRef.point idref="P000000036"/>
							</zmn:GM_Position.indirect>
						</zmn:GM_PointArray.column>
					</zmn:GM_LineString.controlPoint>
				</zmn:GM_LineString>
			</zmn:GM_Curve.segment>
		</zmn:GM_Curve>
		<zmn:GM_Curve id="C000000049">
			<zmn:GM_OrientablePrimitive.orientation>+</zmn:GM_OrientablePrimitive.orientation>
			<zmn:GM_OrientablePrimitive.primitive idref="C000000049"/>
			<zmn:GM_Curve.segment>
				<zmn:GM_LineString>
					<zmn:GM_LineString.controlPoint>
						<zmn:GM_PointArray.column>
							<zmn:GM_Position.indirect>
								<zmn:GM_PointRef.point idref="P000000036"/>
							</zmn:GM_Position.indirect>
						</zmn:GM_PointArray.column>
						<zmn:GM_PointArray.column>
							<zmn:GM_Position.indirect>
								<zmn:GM_PointRef.point idref="P000000016"/>
							</zmn:GM_Position.indirect>
						</zmn:GM_PointArray.column>
					</zmn:GM_LineString.controlPoint>
				</zmn:GM_LineString>
			</zmn:GM_Curve.segment>
		</zmn:GM_Curve>
		<zmn:GM_Curve id="C000000050">
			<zmn:GM_OrientablePrimitive.orientation>+</zmn:GM_OrientablePrimitive.orientation>
			<zmn:GM_OrientablePrimitive.primitive idref="C000000050"/>
			<zmn:GM_Curve.segment>
				<zmn:GM_LineString>
					<zmn:GM_LineString.controlPoint>
						<zmn:GM_PointArray.column>
							<zmn:GM_Position.indirect>
								<zmn:GM_PointRef.point idref="P000000037"/>
							</zmn:GM_Position.indirect>
						</zmn:GM_PointArray.column>
						<zmn:GM_PointArray.column>
							<zmn:GM_Position.indirect>
								<zmn:GM_PointRef.point idref="P000000038"/>
							</zmn:GM_Position.indirect>
						</zmn:GM_PointArray.column>
					</zmn:GM_LineString.controlPoint>
				</zmn:GM_LineString>
			</zmn:GM_Curve.segment>
		</zmn:GM_Curve>
		<zmn:GM_Curve id="C000000051">
			<zmn:GM_OrientablePrimitive.orientation>+</zmn:GM_OrientablePrimitive.orientation>
			<zmn:GM_OrientablePrimitive.primitive idref="C000000051"/>
			<zmn:GM_Curve.segment>
				<zmn:GM_LineString>
					<zmn:GM_LineString.controlPoint>
						<zmn:GM_PointArray.column>
							<zmn:GM_Position.indirect>
								<zmn:GM_PointRef.point idref="P000000038"/>
							</zmn:GM_Position.indirect>
						</zmn:GM_PointArray.column>
						<zmn:GM_PointArray.column>
							<zmn:GM_Position.indirect>
								<zmn:GM_PointRef.point idref="P000000039"/>
							</zmn:GM_Position.indirect>
						</zmn:GM_PointArray.column>
					</zmn:GM_LineString.controlPoint>
				</zmn:GM_LineString>
			</zmn:GM_Curve.segment>
		</zmn:GM_Curve>
		<zmn:GM_Curve id="C000000052">
			<zmn:GM_OrientablePrimitive.orientation>+</zmn:GM_OrientablePrimitive.orientation>
			<zmn:GM_OrientablePrimitive.primitive idref="C000000052"/>
			<zmn:GM_Curve.segment>
				<zmn:GM_LineString>
					<zmn:GM_LineString.controlPoint>
						<zmn:GM_PointArray.column>
							<zmn:GM_Position.indirect>
								<zmn:GM_PointRef.point idref="P000000039"/>
							</zmn:GM_Position.indirect>
						</zmn:GM_PointArray.column>
						<zmn:GM_PointArray.column>
							<zmn:GM_Position.indirect>
								<zmn:GM_PointRef.point idref="P000000040"/>
							</zmn:GM_Position.indirect>
						</zmn:GM_PointArray.column>
					</zmn:GM_LineString.controlPoint>
				</zmn:GM_LineString>
			</zmn:GM_Curve.segment>
		</zmn:GM_Curve>
		<zmn:GM_Curve id="C000000053">
			<zmn:GM_OrientablePrimitive.orientation>+</zmn:GM_OrientablePrimitive.orientation>
			<zmn:GM_OrientablePrimitive.primitive idref="C000000053"/>
			<zmn:GM_Curve.segment>
				<zmn:GM_LineString>
					<zmn:GM_LineString.controlPoint>
						<zmn:GM_PointArray.column>
							<zmn:GM_Position.indirect>
								<zmn:GM_PointRef.point idref="P000000040"/>
							</zmn:GM_Position.indirect>
						</zmn:GM_PointArray.column>
						<zmn:GM_PointArray.column>
							<zmn:GM_Position.indirect>
								<zmn:GM_PointRef.point idref="P000000041"/>
							</zmn:GM_Position.indirect>
						</zmn:GM_PointArray.column>
					</zmn:GM_LineString.controlPoint>
				</zmn:GM_LineString>
			</zmn:GM_Curve.segment>
		</zmn:GM_Curve>
		<zmn:GM_Curve id="C000000054">
			<zmn:GM_OrientablePrimitive.orientation>+</zmn:GM_OrientablePrimitive.orientation>
			<zmn:GM_OrientablePrimitive.primitive idref="C000000054"/>
			<zmn:GM_Curve.segment>
				<zmn:GM_LineString>
					<zmn:GM_LineString.controlPoint>
						<zmn:GM_PointArray.column>
							<zmn:GM_Position.indirect>
								<zmn:GM_PointRef.point idref="P000000041"/>
							</zmn:GM_Position.indirect>
						</zmn:GM_PointArray.column>
						<zmn:GM_PointArray.column>
							<zmn:GM_Position.indirect>
								<zmn:GM_PointRef.point idref="P000000042"/>
							</zmn:GM_Position.indirect>
						</zmn:GM_PointArray.column>
					</zmn:GM_LineString.controlPoint>
				</zmn:GM_LineString>
			</zmn:GM_Curve.segment>
		</zmn:GM_Curve>
		<zmn:GM_Curve id="C000000055">
			<zmn:GM_OrientablePrimitive.orientation>+</zmn:GM_OrientablePrimitive.orientation>
			<zmn:GM_OrientablePrimitive.primitive idref="C000000055"/>
			<zmn:GM_Curve.segment>
				<zmn:GM_LineString>
					<zmn:GM_LineString.controlPoint>
						<zmn:GM_PointArray.column>
							<zmn:GM_Position.indirect>
								<zmn:GM_PointRef.point idref="P000000042"/>
							</zmn:GM_Position.indirect>
						</zmn:GM_PointArray.column>
						<zmn:GM_PointArray.column>
							<zmn:GM_Position.indirect>
								<zmn:GM_PointRef.point idref="P000000043"/>
							</zmn:GM_Position.indirect>
						</zmn:GM_PointArray.column>
					</zmn:GM_LineString.controlPoint>
				</zmn:GM_LineString>
			</zmn:GM_Curve.segment>
		</zmn:GM_Curve>
		<zmn:GM_Curve id="C000000056">
			<zmn:GM_OrientablePrimitive.orientation>+</zmn:GM_OrientablePrimitive.orientation>
			<zmn:GM_OrientablePrimitive.primitive idref="C000000056"/>
			<zmn:GM_Curve.segment>
				<zmn:GM_LineString>
					<zmn:GM_LineString.controlPoint>
						<zmn:GM_PointArray.column>
							<zmn:GM_Position.indirect>
								<zmn:GM_PointRef.point idref="P000000043"/>
							</zmn:GM_Position.indirect>
						</zmn:GM_PointArray.column>
						<zmn:GM_PointArray.column>
							<zmn:GM_Position.indirect>
								<zmn:GM_PointRef.point idref="P000000045"/>
							</zmn:GM_Position.indirect>
						</zmn:GM_PointArray.column>
					</zmn:GM_LineString.controlPoint>
				</zmn:GM_LineString>
			</zmn:GM_Curve.segment>
		</zmn:GM_Curve>
		<zmn:GM_Curve id="C000000057">
			<zmn:GM_OrientablePrimitive.orientation>+</zmn:GM_OrientablePrimitive.orientation>
			<zmn:GM_OrientablePrimitive.primitive idref="C000000057"/>
			<zmn:GM_Curve.segment>
				<zmn:GM_LineString>
					<zmn:GM_LineString.controlPoint>
						<zmn:GM_PointArray.column>
							<zmn:GM_Position.indirect>
								<zmn:GM_PointRef.point idref="P000000045"/>
							</zmn:GM_Position.indirect>
						</zmn:GM_PointArray.column>
						<zmn:GM_PointArray.column>
							<zmn:GM_Position.indirect>
								<zmn:GM_PointRef.point idref="P000000046"/>
							</zmn:GM_Position.indirect>
						</zmn:GM_PointArray.column>
					</zmn:GM_LineString.controlPoint>
				</zmn:GM_LineString>
			</zmn:GM_Curve.segment>
		</zmn:GM_Curve>
		<zmn:GM_Curve id="C000000058">
			<zmn:GM_OrientablePrimitive.orientation>+</zmn:GM_OrientablePrimitive.orientation>
			<zmn:GM_OrientablePrimitive.primitive idref="C000000058"/>
			<zmn:GM_Curve.segment>
				<zmn:GM_LineString>
					<zmn:GM_LineString.controlPoint>
						<zmn:GM_PointArray.column>
							<zmn:GM_Position.indirect>
								<zmn:GM_PointRef.point idref="P000000046"/>
							</zmn:GM_Position.indirect>
						</zmn:GM_PointArray.column>
						<zmn:GM_PointArray.column>
							<zmn:GM_Position.indirect>
								<zmn:GM_PointRef.point idref="P000000047"/>
							</zmn:GM_Position.indirect>
						</zmn:GM_PointArray.column>
					</zmn:GM_LineString.controlPoint>
				</zmn:GM_LineString>
			</zmn:GM_Curve.segment>
		</zmn:GM_Curve>
		<zmn:GM_Curve id="C000000059">
			<zmn:GM_OrientablePrimitive.orientation>+</zmn:GM_OrientablePrimitive.orientation>
			<zmn:GM_OrientablePrimitive.primitive idref="C000000059"/>
			<zmn:GM_Curve.segment>
				<zmn:GM_LineString>
					<zmn:GM_LineString.controlPoint>
						<zmn:GM_PointArray.column>
							<zmn:GM_Position.indirect>
								<zmn:GM_PointRef.point idref="P000000047"/>
							</zmn:GM_Position.indirect>
						</zmn:GM_PointArray.column>
						<zmn:GM_PointArray.column>
							<zmn:GM_Position.indirect>
								<zmn:GM_PointRef.point idref="P000000048"/>
							</zmn:GM_Position.indirect>
						</zmn:GM_PointArray.column>
					</zmn:GM_LineString.controlPoint>
				</zmn:GM_LineString>
			</zmn:GM_Curve.segment>
		</zmn:GM_Curve>
		<zmn:GM_Curve id="C000000060">
			<zmn:GM_OrientablePrimitive.orientation>+</zmn:GM_OrientablePrimitive.orientation>
			<zmn:GM_OrientablePrimitive.primitive idref="C000000060"/>
			<zmn:GM_Curve.segment>
				<zmn:GM_LineString>
					<zmn:GM_LineString.controlPoint>
						<zmn:GM_PointArray.column>
							<zmn:GM_Position.indirect>
								<zmn:GM_PointRef.point idref="P000000048"/>
							</zmn:GM_Position.indirect>
						</zmn:GM_PointArray.column>
						<zmn:GM_PointArray.column>
							<zmn:GM_Position.indirect>
								<zmn:GM_PointRef.point idref="P000000049"/>
							</zmn:GM_Position.indirect>
						</zmn:GM_PointArray.column>
					</zmn:GM_LineString.controlPoint>
				</zmn:GM_LineString>
			</zmn:GM_Curve.segment>
		</zmn:GM_Curve>
		<zmn:GM_Curve id="C000000061">
			<zmn:GM_OrientablePrimitive.orientation>+</zmn:GM_OrientablePrimitive.orientation>
			<zmn:GM_OrientablePrimitive.primitive idref="C000000061"/>
			<zmn:GM_Curve.segment>
				<zmn:GM_LineString>
					<zmn:GM_LineString.controlPoint>
						<zmn:GM_PointArray.column>
							<zmn:GM_Position.indirect>
								<zmn:GM_PointRef.point idref="P000000049"/>
							</zmn:GM_Position.indirect>
						</zmn:GM_PointArray.column>
						<zmn:GM_PointArray.column>
							<zmn:GM_Position.indirect>
								<zmn:GM_PointRef.point idref="P000000050"/>
							</zmn:GM_Position.indirect>
						</zmn:GM_PointArray.column>
					</zmn:GM_LineString.controlPoint>
				</zmn:GM_LineString>
			</zmn:GM_Curve.segment>
		</zmn:GM_Curve>
		<zmn:GM_Curve id="C000000062">
			<zmn:GM_OrientablePrimitive.orientation>+</zmn:GM_OrientablePrimitive.orientation>
			<zmn:GM_OrientablePrimitive.primitive idref="C000000062"/>
			<zmn:GM_Curve.segment>
				<zmn:GM_LineString>
					<zmn:GM_LineString.controlPoint>
						<zmn:GM_PointArray.column>
							<zmn:GM_Position.indirect>
								<zmn:GM_PointRef.point idref="P000000050"/>
							</zmn:GM_Position.indirect>
						</zmn:GM_PointArray.column>
						<zmn:GM_PointArray.column>
							<zmn:GM_Position.indirect>
								<zmn:GM_PointRef.point idref="P000000051"/>
							</zmn:GM_Position.indirect>
						</zmn:GM_PointArray.column>
					</zmn:GM_LineString.controlPoint>
				</zmn:GM_LineString>
			</zmn:GM_Curve.segment>
		</zmn:GM_Curve>
		<zmn:GM_Curve id="C000000063">
			<zmn:GM_OrientablePrimitive.orientation>+</zmn:GM_OrientablePrimitive.orientation>
			<zmn:GM_OrientablePrimitive.primitive idref="C000000063"/>
			<zmn:GM_Curve.segment>
				<zmn:GM_LineString>
					<zmn:GM_LineString.controlPoint>
						<zmn:GM_PointArray.column>
							<zmn:GM_Position.indirect>
								<zmn:GM_PointRef.point idref="P000000051"/>
							</zmn:GM_Position.indirect>
						</zmn:GM_PointArray.column>
						<zmn:GM_PointArray.column>
							<zmn:GM_Position.indirect>
								<zmn:GM_PointRef.point idref="P000000037"/>
							</zmn:GM_Position.indirect>
						</zmn:GM_PointArray.column>
					</zmn:GM_LineString.controlPoint>
				</zmn:GM_LineString>
			</zmn:GM_Curve.segment>
		</zmn:GM_Curve>
		<zmn:GM_Surface id="F000000001">
			<zmn:GM_Surface.patch>
				<zmn:GM_Polygon>
					<zmn:GM_Polygon.boundary>
						<zmn:GM_SurfaceBoundary>
							<zmn:GM_SurfaceBoundary.exterior>
								<zmn:GM_Ring>
									<zmn:GM_CompositeCurve.generator idref="C000000007"/>
									<zmn:GM_CompositeCurve.generator idref="C000000008"/>
									<zmn:GM_CompositeCurve.generator idref="C000000009"/>
									<zmn:GM_CompositeCurve.generator idref="C000000010"/>
									<zmn:GM_CompositeCurve.generator idref="C000000011"/>
									<zmn:GM_CompositeCurve.generator idref="C000000012"/>
									<zmn:GM_CompositeCurve.generator idref="C000000013"/>
									<zmn:GM_CompositeCurve.generator idref="C000000014"/>
									<zmn:GM_CompositeCurve.generator idref="C000000015"/>
									<zmn:GM_CompositeCurve.generator idref="C000000016"/>
									<zmn:GM_CompositeCurve.generator idref="C000000017"/>
									<zmn:GM_CompositeCurve.generator idref="C000000018"/>
									<zmn:GM_CompositeCurve.generator idref="C000000019"/>
									<zmn:GM_CompositeCurve.generator idref="C000000020"/>
									<zmn:GM_CompositeCurve.generator idref="C000000021"/>
									<zmn:GM_CompositeCurve.generator idref="C000000022"/>
									<zmn:GM_CompositeCurve.generator idref="C000000023"/>
									<zmn:GM_CompositeCurve.generator idref="C000000024"/>
									<zmn:GM_CompositeCurve.generator idref="C000000025"/>
									<zmn:GM_CompositeCurve.generator idref="C000000026"/>
									<zmn:GM_CompositeCurve.generator idref="C000000027"/>
									<zmn:GM_CompositeCurve.generator idref="C000000028"/>
									<zmn:GM_CompositeCurve.generator idref="C000000029"/>
								</zmn:GM_Ring>
							</zmn:GM_SurfaceBoundary.exterior>
						</zmn:GM_SurfaceBoundary>
					</zmn:GM_Polygon.boundary>
				</zmn:GM_Polygon>
			</zmn:GM_Surface.patch>
		</zmn:GM_Surface>
		<zmn:GM_Surface id="F000000002">
			<zmn:GM_Surface.patch>
				<zmn:GM_Polygon>
					<zmn:GM_Polygon.boundary>
						<zmn:GM_SurfaceBoundary>
							<zmn:GM_SurfaceBoundary.exterior>
								<zmn:GM_Ring>
									<zmn:GM_CompositeCurve.generator idref="C000000030"/>
									<zmn:GM_CompositeCurve.generator idref="C000000031"/>
									<zmn:GM_CompositeCurve.generator idref="C000000032"/>
									<zmn:GM_CompositeCurve.generator idref="C000000033"/>
									<zmn:GM_CompositeCurve.generator idref="C000000034"/>
									<zmn:GM_CompositeCurve.generator idref="C000000035"/>
									<zmn:GM_CompositeCurve.generator idref="C000000036"/>
									<zmn:GM_CompositeCurve.generator idref="C000000037"/>
									<zmn:GM_CompositeCurve.generator idref="C000000038"/>
									<zmn:GM_CompositeCurve.generator idref="C000000039"/>
									<zmn:GM_CompositeCurve.generator idref="C000000040"/>
									<zmn:GM_CompositeCurve.generator idref="C000000041"/>
									<zmn:GM_CompositeCurve.generator idref="C000000042"/>
									<zmn:GM_CompositeCurve.generator idref="C000000043"/>
									<zmn:GM_CompositeCurve.generator idref="C000000044"/>
									<zmn:GM_CompositeCurve.generator idref="C000000045"/>
									<zmn:GM_CompositeCurve.generator idref="C000000046"/>
									<zmn:GM_CompositeCurve.generator idref="C000000047"/>
									<zmn:GM_CompositeCurve.generator idref="C000000048"/>
									<zmn:GM_CompositeCurve.generator idref="C000000049"/>
								</zmn:GM_Ring>
							</zmn:GM_SurfaceBoundary.exterior>
						</zmn:GM_SurfaceBoundary>
					</zmn:GM_Polygon.boundary>
				</zmn:GM_Polygon>
			</zmn:GM_Surface.patch>
		</zmn:GM_Surface>
		<zmn:GM_Surface id="F000000003">
			<zmn:GM_Surface.patch>
				<zmn:GM_Polygon>
					<zmn:GM_Polygon.boundary>
						<zmn:GM_SurfaceBoundary>
							<zmn:GM_SurfaceBoundary.exterior>
								<zmn:GM_Ring>
									<zmn:GM_CompositeCurve.generator idref="C000000050"/>
									<zmn:GM_CompositeCurve.generator idref="C000000051"/>
									<zmn:GM_CompositeCurve.generator idref="C000000052"/>
									<zmn:GM_CompositeCurve.generator idref="C000000053"/>
									<zmn:GM_CompositeCurve.generator idref="C000000054"/>
									<zmn:GM_CompositeCurve.generator idref="C000000055"/>
									<zmn:GM_CompositeCurve.generator idref="C000000056"/>
									<zmn:GM_CompositeCurve.generator idref="C000000057"/>
									<zmn:GM_CompositeCurve.generator idref="C000000058"/>
									<zmn:GM_CompositeCurve.generator idref="C000000059"/>
									<zmn:GM_CompositeCurve.generator idref="C000000060"/>
									<zmn:GM_CompositeCurve.generator idref="C000000061"/>
									<zmn:GM_CompositeCurve.generator idref="C000000062"/>
									<zmn:GM_CompositeCurve.generator idref="C000000063"/>
								</zmn:GM_Ring>
							</zmn:GM_SurfaceBoundary.exterior>
						</zmn:GM_SurfaceBoundary>
					</zmn:GM_Polygon.boundary>
				</zmn:GM_Polygon>
			</zmn:GM_Surface.patch>
		</zmn:GM_Surface>
	</空間属性>
	<主題属性>
		<筆界点>
			<点番名>3743095</点番名>
			<形状 idref="P000000001"/>
		</筆界点>
		<筆界点>
			<点番名>3743096</点番名>
			<形状 idref="P000000002"/>
		</筆界点>
		<筆界点>
			<点番名>3743097</点番名>
			<形状 idref="P000000003"/>
		</筆界点>
		<筆界点>
			<点番名>3743098</点番名>
			<形状 idref="P000000004"/>
		</筆界点>
		<筆界点>
			<点番名>3743099</点番名>
			<形状 idref="P000000005"/>
		</筆界点>
		<筆界点>
			<点番名>3743100</点番名>
			<形状 idref="P000000006"/>
		</筆界点>
		<筆界点>
			<点番名>3743101</点番名>
			<形状 idref="P000000007"/>
		</筆界点>
		<筆界点>
			<点番名>3743102</点番名>
			<形状 idref="P000000008"/>
		</筆界点>
		<筆界点>
			<点番名>3743103</点番名>
			<形状 idref="P000000009"/>
		</筆界点>
		<筆界点>
			<点番名>3743104</点番名>
			<形状 idref="P000000010"/>
		</筆界点>
		<筆界点>
			<点番名>3743105</点番名>
			<形状 idref="P000000011"/>
		</筆界点>
		<筆界点>
			<点番名>3743106</点番名>
			<形状 idref="P000000012"/>
		</筆界点>
		<筆界点>
			<点番名>3743107</点番名>
			<形状 idref="P000000013"/>
		</筆界点>
		<筆界点>
			<点番名>3743108</点番名>
			<形状 idref="P000000014"/>
		</筆界点>
		<筆界点>
			<点番名>3743109</点番名>
			<形状 idref="P000000015"/>
		</筆界点>
		<筆界点>
			<点番名>3743110</点番名>
			<形状 idref="P000000016"/>
		</筆界点>
		<筆界点>
			<点番名>3743111</点番名>
			<形状 idref="P000000017"/>
		</筆界点>
		<筆界点>
			<点番名>3743112</点番名>
			<形状 idref="P000000018"/>
		</筆界点>
		<筆界点>
			<点番名>3743113</点番名>
			<形状 idref="P000000019"/>
		</筆界点>
		<筆界点>
			<点番名>3743114</点番名>
			<形状 idref="P000000020"/>
		</筆界点>
		<筆界点>
			<点番名>3743115</点番名>
			<形状 idref="P000000021"/>
		</筆界点>
		<筆界点>
			<点番名>3743116</点番名>
			<形状 idref="P000000022"/>
		</筆界点>
		<筆界点>
			<点番名>3743117</点番名>
			<形状 idref="P000000023"/>
		</筆界点>
		<筆界点>
			<点番名>3743118</点番名>
			<形状 idref="P000000024"/>
		</筆界点>
		<筆界点>
			<点番名>3743119</点番名>
			<形状 idref="P000000025"/>
		</筆界点>
		<筆界点>
			<点番名>3743120</点番名>
			<形状 idref="P000000026"/>
		</筆界点>
		<筆界点>
			<点番名>3743121</点番名>
			<形状 idref="P000000027"/>
		</筆界点>
		<筆界点>
			<点番名>3743122</点番名>
			<形状 idref="P000000028"/>
		</筆界点>
		<筆界点>
			<点番名>3743123</点番名>
			<形状 idref="P000000029"/>
		</筆界点>
		<筆界点>
			<点番名>3743124</点番名>
			<形状 idref="P000000030"/>
		</筆界点>
		<筆界点>
			<点番名>3743125</点番名>
			<形状 idref="P000000031"/>
		</筆界点>
		<筆界点>
			<点番名>3743126</点番名>
			<形状 idref="P000000032"/>
		</筆界点>
		<筆界点>
			<点番名>3743127</点番名>
			<形状 idref="P000000033"/>
		</筆界点>
		<筆界点>
			<点番名>3743128</点番名>
			<形状 idref="P000000034"/>
		</筆界点>
		<筆界点>
			<点番名>3743129</点番名>
			<形状 idref="P000000035"/>
		</筆界点>
		<筆界点>
			<点番名>3743130</点番名>
			<形状 idref="P000000036"/>
		</筆界点>
		<筆界点>
			<点番名>3743131</点番名>
			<形状 idref="P000000037"/>
		</筆界点>
		<筆界点>
			<点番名>3743132</点番名>
			<形状 idref="P000000038"/>
		</筆界点>
		<筆界点>
			<点番名>3743133</点番名>
			<形状 idref="P000000039"/>
		</筆界点>
		<筆界点>
			<点番名>3743134</点番名>
			<形状 idref="P000000040"/>
		</筆界点>
		<筆界点>
			<点番名>3743135</点番名>
			<形状 idref="P000000041"/>
		</筆界点>
		<筆界点>
			<点番名>3743136</点番名>
			<形状 idref="P000000042"/>
		</筆界点>
		<筆界点>
			<点番名>3743137</点番名>
			<形状 idref="P000000043"/>
		</筆界点>
		<筆界点>
			<点番名>3743138</点番名>
			<形状 idref="P000000044"/>
		</筆界点>
		<筆界点>
			<点番名>3743139</点番名>
			<形状 idref="P000000045"/>
		</筆界点>
		<筆界点>
			<点番名>3743140</点番名>
			<形状 idref="P000000046"/>
		</筆界点>
		<筆界点>
			<点番名>3743141</点番名>
			<形状 idref="P000000047"/>
		</筆界点>
		<筆界点>
			<点番名>3743142</点番名>
			<形状 idref="P000000048"/>
		</筆界点>
		<筆界点>
			<点番名>3743143</点番名>
			<形状 idref="P000000049"/>
		</筆界点>
		<筆界点>
			<点番名>3743144</点番名>
			<形状 idref="P000000050"/>
		</筆界点>
		<筆界点>
			<点番名>3743145</点番名>
			<形状 idref="P000000051"/>
		</筆界点>
		<筆界点>
			<点番名>3743146</点番名>
			<形状 idref="P000000052"/>
		</筆界点>
		<筆界点>
			<点番名>3743147</点番名>
			<形状 idref="P000000053"/>
		</筆界点>
		<筆界点>
			<点番名>3743148</点番名>
			<形状 idref="P000000054"/>
		</筆界点>
		<筆界点>
			<点番名>3743149</点番名>
			<形状 idref="P000000055"/>
		</筆界点>
		<仮行政界線>
			<形状 idref="C000000001"/>
			<線種別>仮大字界線</線種別>
		</仮行政界線>
		<仮行政界線>
			<形状 idref="C000000002"/>
			<線種別>仮大字界線</線種別>
		</仮行政界線>
		<仮行政界線>
			<形状 idref="C000000003"/>
			<線種別>仮大字界線</線種別>
		</仮行政界線>
		<仮行政界線>
			<形状 idref="C000000004"/>
			<線種別>仮大字界線</線種別>
		</仮行政界線>
		<仮行政界線>
			<形状 idref="C000000005"/>
			<線種別>仮大字界線</線種別>
		</仮行政界線>
		<仮行政界線>
			<形状 idref="C000000006"/>
			<線種別>仮大字界線</線種別>
		</仮行政界線>
		<筆界線>
			<形状 idref="C000000007"/>
			<線種別>大字界線</線種別>
		</筆界線>
		<筆界線>
			<形状 idref="C000000008"/>
			<線種別>筆界線</線種別>
		</筆界線>
		<筆界線>
			<形状 idref="C000000009"/>
			<線種別>筆界線</線種別>
		</筆界線>
		<筆界線>
			<形状 idref="C000000010"/>
			<線種別>筆界線</線種別>
		</筆界線>
		<筆界線>
			<形状 idref="C000000011"/>
			<線種別>筆界線</線種別>
		</筆界線>
		<筆界線>
			<形状 idref="C000000012"/>
			<線種別>筆界線</線種別>
		</筆界線>
		<筆界線>
			<形状 idref="C000000013"/>
			<線種別>筆界線</線種別>
		</筆界線>
		<筆界線>
			<形状 idref="C000000014"/>
			<線種別>筆界線</線種別>
		</筆界線>
		<筆界線>
			<形状 idref="C000000015"/>
			<線種別>筆界線</線種別>
		</筆界線>
		<筆界線>
			<形状 idref="C000000016"/>
			<線種別>筆界線</線種別>
		</筆界線>
		<筆界線>
			<形状 idref="C000000017"/>
			<線種別>未描画線</線種別>
		</筆界線>
		<筆界線>
			<形状 idref="C000000018"/>
			<線種別>大字界線</線種別>
		</筆界線>
		<筆界線>
			<形状 idref="C000000019"/>
			<線種別>大字界線</線種別>
		</筆界線>
		<筆界線>
			<形状 idref="C000000020"/>
			<線種別>大字界線</線種別>
		</筆界線>
		<筆界線>
			<形状 idref="C000000021"/>
			<線種別>大字界線</線種別>
		</筆界線>
		<筆界線>
			<形状 idref="C000000022"/>
			<線種別>大字界線</線種別>
		</筆界線>
		<筆界線>
			<形状 idref="C000000023"/>
			<線種別>大字界線</線種別>
		</筆界線>
		<筆界線>
			<形状 idref="C000000024"/>
			<線種別>大字界線</線種別>
		</筆界線>
		<筆界線>
			<形状 idref="C000000025"/>
			<線種別>大字界線</線種別>
		</筆界線>
		<筆界線>
			<形状 idref="C000000026"/>
			<線種別>大字界線</線種別>
		</筆界線>
		<筆界線>
			<形状 idref="C000000027"/>
			<線種別>大字界線</線種別>
		</筆界線>
		<筆界線>
			<形状 idref="C000000028"/>
			<線種別>大字界線</線種別>
		</筆界線>
		<筆界線>
			<形状 idref="C000000029"/>
			<線種別>筆界線</線種別>
		</筆界線>
		<筆界線>
			<形状 idref="C000000030"/>
			<線種別>大字界線</線種別>
		</筆界線>
		<筆界線>
			<形状 idref="C000000031"/>
			<線種別>大字界線</線種別>
		</筆界線>
		<筆界線>
			<形状 idref="C000000032"/>
			<線種別>大字界線</線種別>
		</筆界線>
		<筆界線>
			<形状 idref="C000000033"/>
			<線種別>大字界線</線種別>
		</筆界線>
		<筆界線>
			<形状 idref="C000000034"/>
			<線種別>大字界線</線種別>
		</筆界線>
		<筆界線>
			<形状 idref="C000000035"/>
			<線種別>大字界線</線種別>
		</筆界線>
		<筆界線>
			<形状 idref="C000000036"/>
			<線種別>大字界線</線種別>
		</筆界線>
		<筆界線>
			<形状 idref="C000000037"/>
			<線種別>大字界線</線種別>
		</筆界線>
		<筆界線>
			<形状 idref="C000000038"/>
			<線種別>未描画線</線種別>
		</筆界線>
		<筆界線>
			<形状 idref="C000000039"/>
			<線種別>筆界線</線種別>
		</筆界線>
		<筆界線>
			<形状 idref="C000000040"/>
			<線種別>筆界線</線種別>
		</筆界線>
		<筆界線>
			<形状 idref="C000000041"/>
			<線種別>筆界線</線種別>
		</筆界線>
		<筆界線>
			<形状 idref="C000000042"/>
			<線種別>筆界線</線種別>
		</筆界線>
		<筆界線>
			<形状 idref="C000000043"/>
			<線種別>筆界線</線種別>
		</筆界線>
		<筆界線>
			<形状 idref="C000000044"/>
			<線種別>筆界線</線種別>
		</筆界線>
		<筆界線>
			<形状 idref="C000000045"/>
			<線種別>筆界線</線種別>
		</筆界線>
		<筆界線>
			<形状 idref="C000000046"/>
			<線種別>大字界線</線種別>
		</筆界線>
		<筆界線>
			<形状 idref="C000000047"/>
			<線種別>大字界線</線種別>
		</筆界線>
		<筆界線>
			<形状 idref="C000000048"/>
			<線種別>大字界線</線種別>
		</筆界線>
		<筆界線>
			<形状 idref="C000000049"/>
			<線種別>筆界線</線種別>
		</筆界線>
		<筆界線>
			<形状 idref="C000000050"/>
			<線種別>大字界線</線種別>
		</筆界線>
		<筆界線>
			<形状 idref="C000000051"/>
			<線種別>大字界線</線種別>
		</筆界線>
		<筆界線>
			<形状 idref="C000000052"/>
			<線種別>大字界線</線種別>
		</筆界線>
		<筆界線>
			<形状 idref="C000000053"/>
			<線種別>大字界線</線種別>
		</筆界線>
		<筆界線>
			<形状 idref="C000000054"/>
			<線種別>大字界線</線種別>
		</筆界線>
		<筆界線>
			<形状 idref="C000000055"/>
			<線種別>大字界線</線種別>
		</筆界線>
		<筆界線>
			<形状 idref="C000000056"/>
			<線種別>筆界線</線種別>
		</筆界線>
		<筆界線>
			<形状 idref="C000000057"/>
			<線種別>筆界線</線種別>
		</筆界線>
		<筆界線>
			<形状 idref="C000000058"/>
			<線種別>筆界線</線種別>
		</筆界線>
		<筆界線>
			<形状 idref="C000000059"/>
			<線種別>大字界線</線種別>
		</筆界線>
		<筆界線>
			<形状 idref="C000000060"/>
			<線種別>大字界線</線種別>
		</筆界線>
		<筆界線>
			<形状 idref="C000000061"/>
			<線種別>大字界線</線種別>
		</筆界線>
		<筆界線>
			<形状 idref="C000000062"/>
			<線種別>大字界線</線種別>
		</筆界線>
		<筆界線>
			<形状 idref="C000000063"/>
			<線種別>筆界線</線種別>
		</筆界線>
		<筆 id="H000000001">
			<大字コード>404</大字コード>
			<丁目コード>002</丁目コード>
			<小字コード>0000</小字コード>
			<予備コード>00</予備コード>
			<大字名>中央台飯野</大字名>
			<丁目名>２丁目</丁目名>
			<地番>2-40W1</地番>
			<形状 idref="F000000001"/>
			<精度区分>甲二</精度区分>
			<座標値種別>図上測量</座標値種別>
		</筆>
		<筆 id="H000000002">
			<大字コード>404</大字コード>
			<丁目コード>002</丁目コード>
			<小字コード>0000</小字コード>
			<予備コード>00</予備コード>
			<大字名>中央台飯野</大字名>
			<丁目名>２丁目</丁目名>
			<地番>2-40W2</地番>
			<形状 idref="F000000002"/>
			<精度区分>甲二</精度区分>
			<座標値種別>図上測量</座標値種別>
		</筆>
		<筆 id="H000000003">
			<大字コード>404</大字コード>
			<丁目コード>002</丁目コード>
			<小字コード>0000</小字コード>
			<予備コード>00</予備コード>
			<大字名>中央台飯野</大字名>
			<丁目名>２丁目</丁目名>
			<地番>2-41</地番>
			<形状 idref="F000000003"/>
			<精度区分>甲二</精度区分>
			<座標値種別>図上測量</座標値種別>
		</筆>
	</主題属性>
	<図郭>
		<地図番号>い63</地図番号>
		<縮尺分母>500</縮尺分母>
		<方位不明フラグ>false</方位不明フラグ>
		<左下座標>
			<zmn:X>-56.195</zmn:X>
			<zmn:Y>134.042</zmn:Y>
		</左下座標>
		<左上座標>
			<zmn:X>154.928</zmn:X>
			<zmn:Y>0.149</zmn:Y>
		</左上座標>
		<右下座標>
			<zmn:X>104.477</zmn:X>
			<zmn:Y>387.389</zmn:Y>
		</右下座標>
		<右上座標>
			<zmn:X>315.599</zmn:X>
			<zmn:Y>253.496</zmn:Y>
		</右上座標>
		<地図種類>その他</地図種類>
		<地図分類>法第14条1項地図</地図分類>
		<地図材質>P-F</地図材質>
		<地図作成年月日>
			<年>1990</年>
			<月>1</月>
			<日>20</日>
		</地図作成年月日>
		<筆参照 idref="H000000001"/>
	</図郭>
	<図郭>
		<地図番号>い64</地図番号>
		<縮尺分母>500</縮尺分母>
		<方位不明フラグ>false</方位不明フラグ>
		<左下座標>
			<zmn:X>59.244</zmn:X>
			<zmn:Y>317.429</zmn:Y>
		</左下座標>
		<左上座標>
			<zmn:X>269.944</zmn:X>
			<zmn:Y>182.871</zmn:Y>
		</左上座標>
		<右下座標>
			<zmn:X>220.713</zmn:X>
			<zmn:Y>570.268</zmn:Y>
		</右下座標>
		<右上座標>
			<zmn:X>431.413</zmn:X>
			<zmn:Y>435.710</zmn:Y>
		</右上座標>
		<地図種類>その他</地図種類>
		<地図分類>法第14条1項地図</地図分類>
		<地図材質>P-F</地図材質>
		<地図作成年月日>
			<年>1990</年>
			<月>1</月>
			<日>20</日>
		</地図作成年月日>
		<筆参照 idref="H000000002"/>
	</図郭>
	<図郭>
		<地図番号>い65</地図番号>
		<縮尺分母>500</縮尺分母>
		<方位不明フラグ>false</方位不明フラグ>
		<左下座標>
			<zmn:X>266.271</zmn:X>
			<zmn:Y>427.247</zmn:Y>
		</左下座標>
		<左上座標>
			<zmn:X>503.407</zmn:X>
			<zmn:Y>348.087</zmn:Y>
		</左上座標>
		<右下座標>
			<zmn:X>361.264</zmn:X>
			<zmn:Y>711.811</zmn:Y>
		</右下座標>
		<右上座標>
			<zmn:X>598.400</zmn:X>
			<zmn:Y>632.650</zmn:Y>
		</右上座標>
		<地図種類>その他</地図種類>
		<地図分類>法第14条1項地図</地図分類>
		<地図材質>P-F</地図材質>
		<地図作成年月日>
			<年>1991</年>
			<月>3</月>
			<日>23</日>
		</地図作成年月日>
		<筆参照 idref="H000000003"/>
	</図郭>
</地図>
